Well.x,SAMPLE,GENE.x,brain.region,CT,CT.MEAN,CT.SD,Well.y,GENE.y,actb._C,actb.mean,actb.SD,Nest.id,ABC,Location,Treatment,Date,Age,Habitat,Cowbird,Tarsus.1,Tarsus.2,Tarsus.3,Tarsus.4,Tarsus.5,Tarsus.avg,Wing.Chord.1,Wing.Chord.2,Wing.Chord.3,Wing.Chord.4,Wing.Chord.5,Wing.chord.avg.,Bill.w,Bill.d,Bill.l,Pin,Feather,Pin.b,Tail.pin,Tail.feather,Measurer,Mass,delta.ct,delta.ctmean,dd.ct,RQ
D11,HY-1,MR,HYPO,27.96170044,27.94546509,0.022960255,A1,ACTB,19.67105484,19.63041878,0.057468072,33SJL22,C,STREAM,Rural,6/30/22,7,Rural,No,19.25,19.34,19.2,19.21,19.71,19.342,30.14,30.95,30.26,30.56,30.65,30.512,5.11,3.28,4.98,14.94,1.66,13.42,4.71,0.62,DSM,15.2,8.31504631,7.345852755,0.969193556,0.510791508
A1,HY-1,GR,HYPO,28.45656586,28.29919815,0.22255154,A1,ACTB,19.67105484,19.63041878,0.057468072,33SJL22,C,STREAM,Rural,6/30/22,7,Rural,No,19.25,19.34,19.2,19.21,19.71,19.342,30.14,30.95,30.26,30.56,30.65,30.512,5.11,3.28,4.98,14.94,1.66,13.42,4.71,0.62,DSM,15.2,8.66877937,6.827318492,1.841460878,0.279039085
B7,HY-10,MR,HYPO,25.8177166,25.73910522,0.111171924,B7,ACTB,19.4044838,19.44656372,0.059511349,03SJL22,NA,NVT,Urban,5/16/22,10,Urban,No,23.23,23.27,22.98,22.98,23.36,23.164,42.48,42.3,42.26,41.96,41.21,42.042,5.48,4.83,6.51,28.21,16.27,11.82,12.42,5.19,DSM,19.4,6.2925415,7.345852755,-1.053311255,2.075287558
B7,HY-10,GR,HYPO,25.90996361,25.90882874,0.001604952,B7,ACTB,19.4044838,19.44656372,0.059511349,03SJL22,NA,NVT,Urban,5/16/22,10,Urban,No,23.23,23.27,22.98,22.98,23.36,23.164,42.48,42.3,42.26,41.96,41.21,42.042,5.48,4.83,6.51,28.21,16.27,11.82,12.42,5.19,DSM,19.4,6.46226502,6.827318492,-0.365053472,1.287929364
B11,HY-12,MR,HYPO,27.06441116,27.07372665,0.013175442,B11,ACTB,19.35132599,19.3551445,0.005400192,07TEF22,B,STREAM,Rural,5/12/22,5,Rural,No,16.05,15.61,15.66,15.55,15.26,15.626,17.57,17.1,17.13,17.1,17.41,17.262,4.42,3.73,4.45,6.51,NA,NA,1.61,NA,NM,NA,7.71858215,7.345852755,0.372729396,0.772319983
B11,HY-12,GR,HYPO,26.86106682,26.80220604,0.083241709,B11,ACTB,19.35132599,19.3551445,0.005400192,07TEF22,B,STREAM,Rural,5/12/22,5,Rural,No,16.05,15.61,15.66,15.55,15.26,15.626,17.57,17.1,17.13,17.1,17.41,17.262,4.42,3.73,4.45,6.51,NA,NA,1.61,NA,NM,NA,7.44706154,6.827318492,0.619743048,0.650786826
C1,HY-13,MR,HYPO,27.82540131,27.71199226,0.16038461,C1,ACTB,19.7174015,19.71419144,0.00454107,02TEF22,A,NVT,Urban,5/15/22,5,Urban,No,19.42,19.4,19.49,19.63,19.59,19.506,33.42,33.28,33.39,33.28,33.36,33.346,3.88,3.81,4.53,21.5,13.02,9.1,8.18,3.26,NM,7,7.99780082,7.345852755,0.651948065,0.636420377
C1,HY-13,GR,HYPO,26.80220795,26.74670792,0.078488894,C1,ACTB,19.7174015,19.71419144,0.00454107,02TEF22,A,NVT,Urban,5/15/22,5,Urban,No,19.42,19.4,19.49,19.63,19.59,19.506,33.42,33.28,33.39,33.28,33.36,33.346,3.88,3.81,4.53,21.5,13.02,9.1,8.18,3.26,NM,7,7.03251648,6.827318492,0.205197988,0.867419639
C3,HY-14,MR,HYPO,26.99517822,26.97250557,0.032063972,C3,ACTB,20.45186996,20.49105835,0.055422094,11SJL22,B,HERT,Rural,5/17/22,10,Rural,No,21.02,20.83,20.72,20.85,20.5,20.784,37.78,38.61,37.76,37.27,38.24,37.932,4.47,4.36,5.62,25.58,12.03,13.51,11.8,3.08,NM,16.4,6.48144722,7.345852755,-0.864405535,1.820589335
C3,HY-14,GR,HYPO,26.4248867,26.44067383,0.022325017,C3,ACTB,20.45186996,20.49105835,0.055422094,11SJL22,B,HERT,Rural,5/17/22,10,Rural,No,21.02,20.83,20.72,20.85,20.5,20.784,37.78,38.61,37.76,37.27,38.24,37.932,4.47,4.36,5.62,25.58,12.03,13.51,11.8,3.08,NM,16.4,5.94961548,6.827318492,-0.877703012,1.837447477
C5,HY-15,MR,HYPO,27.22109413,27.3126564,0.129488602,C5,ACTB,20.69076347,20.71025467,0.027566062,04SJL22,A,NVT,Urban,5/19/22,7,Urban,No,18.35,18.17,18.28,18.23,18.29,18.264,25.09,26.5,26.81,26.95,26.89,26.448,4.05,4.07,5.26,12.81,1.49,11.07,3.48,0.35,DSM,13.3,6.60240173,7.345852755,-0.743451025,1.674175795
C5,HY-15,GR,HYPO,27.93203926,27.94648361,0.020427397,C5,ACTB,20.69076347,20.71025467,0.027566062,04SJL22,A,NVT,Urban,5/19/22,7,Urban,No,18.35,18.17,18.28,18.23,18.29,18.264,25.09,26.5,26.81,26.95,26.89,26.448,4.05,4.07,5.26,12.81,1.49,11.07,3.48,0.35,DSM,13.3,7.23622894,6.827318492,0.408910448,0.753191984
C7,HY-16,MR,HYPO,27.28883934,27.26946259,0.027404219,C7,ACTB,20.14629364,20.12590218,0.028837886,03IJV22,B,SVT,Urban,5/15/22,7,Urban,No,20.19,20.08,19.94,20.42,19.76,20.078,27.66,27.97,27.24,27.7,27.17,27.548,4.18,4.5,5.48,13.88,2.22,11.91,4.5,NA,NM,15.8,7.14356041,7.345852755,-0.202292345,1.15052501
C7,HY-16,GR,HYPO,26.88519669,26.8677597,0.024660964,C7,ACTB,20.14629364,20.12590218,0.028837886,03IJV22,B,SVT,Urban,5/15/22,7,Urban,No,20.19,20.08,19.94,20.42,19.76,20.078,27.66,27.97,27.24,27.7,27.17,27.548,4.18,4.5,5.48,13.88,2.22,11.91,4.5,NA,NM,15.8,6.74185752,6.827318492,-0.085460972,1.061026708
C9,HY-17,MR,HYPO,27.66098022,27.5944252,0.094123013,C9,ACTB,19.86284828,19.85760689,0.00741245,09SJL22,A,STREAM,Rural,5/12/22,5,Rural,No,17.57,17.7,17.27,17.41,17.3,1/17/00,20.73,21.14,21.5,21.74,21.51,21.324,4.13,4.52,4.32,9.93,                    NA,9.93,NA,                    NA,MSP,NA,7.73681831,7.345852755,0.390965556,0.762619034
C9,HY-17,GR,HYPO,26.97132492,26.90913582,0.087948672,C9,ACTB,19.86284828,19.85760689,0.00741245,09SJL22,A,STREAM,Rural,5/12/22,5,Rural,No,17.57,17.7,17.27,17.41,17.3,1/17/00,20.73,21.14,21.5,21.74,21.51,21.324,4.13,4.52,4.32,9.93,                    NA,9.93,NA,                    NA,MSP,NA,7.05152893,6.827318492,0.224210438,0.856063406
C11,HY-18,MR,HYPO,26.91280746,26.88524628,0.038978755,C11,ACTB,19.18687439,19.2862072,0.140477806,02TEF22,B,NVT,Urban,5/15/22,5,Urban,No,15.56,15.63,15.22,14.85,15.05,15.262,17.62,18.71,17.26,17.21,17.98,17.756,3.9,3.25,4.13,6.61,0.32,6.25,NA,NA,DSM,9.3,7.59903908,7.345852755,0.253186326,0.839041267
C11,HY-18,GR,HYPO,26.3068428,26.29997253,0.009717378,C11,ACTB,19.18687439,19.2862072,0.140477806,02TEF22,B,NVT,Urban,5/15/22,5,Urban,No,15.56,15.63,15.22,14.85,15.05,15.262,17.62,18.71,17.26,17.21,17.98,17.756,3.9,3.25,4.13,6.61,0.32,6.25,NA,NA,DSM,9.3,7.01376533,6.827318492,0.186446838,0.878767343
D1,HY-19,MR,HYPO,26.62899399,26.5084877,0.170422971,D1,ACTB,19.20478439,19.139925,0.091725029,01IJV22,B,SVT,Urban,5/15/22,5,Urban,No,18.2,18.09,18.22,17.86,17.85,18.044,22.4,22.1,22.12,22.17,22.4,22.238,3.96,3.92,4.86,9.72,0,9.72,3.49,0.88,DSM,11.9,7.3685627,7.345852755,0.022709945,0.984381913
D1,HY-19,GR,HYPO,26.25524521,26.17953491,0.107069179,D1,ACTB,19.20478439,19.139925,0.091725029,01IJV22,B,SVT,Urban,5/15/22,5,Urban,No,18.2,18.09,18.22,17.86,17.85,18.044,22.4,22.1,22.12,22.17,22.4,22.238,3.96,3.92,4.86,9.72,0,9.72,3.49,0.88,DSM,11.9,7.03960991,6.827318492,0.212291418,0.863165185
A3,HY-2,MR,HYPO,26.63690948,26.57588387,0.086303256,A3,ACTB,19.74295807,19.77026749,0.038619999,33SJL22,A,STREAM,Rural,6/30/22,7,Rural,No,20.69,20.47,19.99,20.32,20.37,20.368,30.32,30.01,30.19,30.48,29.82,30.164,4.08,3.8,4.2,15.97,3.07,13.65,7,0.94,NM,14.6,6.80561638,7.345852755,-0.540236375,1.454210759
A3,HY-2,GR,HYPO,26.26444435,26.2730217,0.012131548,A3,ACTB,19.74295807,19.77026749,0.038619999,33SJL22,A,STREAM,Rural,6/30/22,7,Rural,No,20.69,20.47,19.99,20.32,20.37,20.368,30.32,30.01,30.19,30.48,29.82,30.164,4.08,3.8,4.2,15.97,3.07,13.65,7,0.94,NM,14.6,6.50275421,6.827318492,-0.324564282,1.25228617
D3,HY-20,MR,HYPO,26.63194847,26.49430466,0.194656402,D3,ACTB,19.73684311,19.64822006,0.125330567,19IJV22,B,NVT,Urban,5/17/22,9,Urban,No,19.04,18.66,18.71,18.94,18.84,18.838,34.55,34.66,34.02,34.19,34.19,34.322,5.32,4.31,6.11,23.26,11.72,12.68,6.92,4.43,DSM,12.2,6.8460846,7.345852755,-0.499768154,1.413986312
D3,HY-20,GR,HYPO,24.90583801,24.84410858,0.087297253,D3,ACTB,19.73684311,19.64822006,0.125330567,19IJV22,B,NVT,Urban,5/17/22,9,Urban,No,19.04,18.66,18.71,18.94,18.84,18.838,34.55,34.66,34.02,34.19,34.19,34.322,5.32,4.31,6.11,23.26,11.72,12.68,6.92,4.43,DSM,12.2,5.19588852,6.827318492,-1.631429972,3.098199341
D5,HY-21,MR,HYPO,26.10664368,26.11118317,0.006421157,D5,ACTB,19.70665169,19.67635918,0.042840078,11SJL22,A,HERT,Rural,5/17/22,10,Rural,No,20.51,20.27,20.16,20.21,20.41,20.312,38.88,37.49,36.97,37.24,37.68,37.652,5.2,4.69,5.74,25.72,13.97,11.92,11.3,3.21,DSM,14.8,6.43482399,7.345852755,-0.911028764,1.880385896
D5,HY-21,GR,HYPO,25.31501579,25.26603317,0.069273233,D5,ACTB,19.70665169,19.67635918,0.042840078,11SJL22,A,HERT,Rural,5/17/22,10,Rural,No,20.51,20.27,20.16,20.21,20.41,20.312,38.88,37.49,36.97,37.24,37.68,37.652,5.2,4.69,5.74,25.72,13.97,11.92,11.3,3.21,DSM,14.8,5.58967399,6.827318492,-1.237644502,2.358132039
D7,HY-22,MR,HYPO,26.93637276,26.91196251,0.034521304,D7,ACTB,19.51848412,19.51727295,0.001711499,07TEF22,A,STREAM,Rural,5/12/22,5,Rural,No,14.76,15.04,15.19,14.68,14.8,14.894,16.53,15.81,16.45,16.42,16.55,16.352,3.85,3.19,4.57,6.51,NA,NA,1.76,NA,NM,NA,7.39468956,7.345852755,0.048836805,0.966715444
D7,HY-22,GR,HYPO,26.46615982,26.43196869,0.048354913,D7,ACTB,19.51848412,19.51727295,0.001711499,07TEF22,A,STREAM,Rural,5/12/22,5,Rural,No,14.76,15.04,15.19,14.68,14.8,14.894,16.53,15.81,16.45,16.42,16.55,16.352,3.85,3.19,4.57,6.51,NA,NA,1.76,NA,NM,NA,6.91469574,6.827318492,0.087377248,0.941232311
D9,HY-23,MR,HYPO,26.85172653,26.86637115,0.020710625,D9,ACTB,19.40141678,19.43762589,0.051208757,09SJL22,B,STREAM,Rural,5/12/22,5,Rural,No,19.85,19.38,18.87,18.31,18.89,1/19/00,22.04,22.16,21.65,22.37,22.1,22.064,4.18,4.3,4.49,9.32,                    NA,9.32,NA,                    NA,MSP,NA,7.42874526,7.345852755,0.082892505,0.944162766
D9,HY-23,GR,HYPO,26.87373924,26.85372543,0.0283038,D9,ACTB,19.40141678,19.43762589,0.051208757,09SJL22,B,STREAM,Rural,5/12/22,5,Rural,No,19.85,19.38,18.87,18.31,18.89,1/19/00,22.04,22.16,21.65,22.37,22.1,22.064,4.18,4.3,4.49,9.32,                    NA,9.32,NA,                    NA,MSP,NA,7.41609954,6.827318492,0.588781048,0.664904456
D11,HY-24,MR,HYPO,27.38635826,27.35748291,0.040835913,D11,ACTB,19.40169144,19.45095062,0.069661662,33SJL22,B,STREAM,Rural,6/30/22,7,Rural,No,19.31,19.32,19.55,19.73,19.35,19.452,32.01,32.88,32.25,32.88,32.36,32.476,4.31,4.5,4.6,17.06,4.27,12.98,7.07,1.23,MSP,17.3,7.90653229,7.345852755,0.560679536,0.677982746
D11,HY-24,GR,HYPO,26.5743618,26.5676651,0.009470565,D11,ACTB,19.40169144,19.45095062,0.069661662,33SJL22,B,STREAM,Rural,6/30/22,7,Rural,No,19.31,19.32,19.55,19.73,19.35,19.452,32.01,32.88,32.25,32.88,32.36,32.476,4.31,4.5,4.6,17.06,4.27,12.98,7.07,1.23,MSP,17.3,7.11671448,6.827318492,0.289395988,0.81824456
E1,HY-25,MR,HYPO,26.06696892,26.17687988,0.155437574,E1,ACTB,20.23278046,20.11931992,0.160457432,01JAG22,A,STREAM,Rural,5/16/22,10,Rural,No,22.45,22.54,22.57,22.03,22.29,22.376,41.26,40.78,41.47,41.53,40.86,41.18,4.32,5.67,6.15,26.17,14.9,12.58,10.88,2.17,NM,15.4,6.05755996,7.345852755,-1.288292795,2.442388657
E1,HY-25,GR,HYPO,26.26976204,26.33780289,0.096225642,E1,ACTB,20.23278046,20.11931992,0.160457432,01JAG22,A,STREAM,Rural,5/16/22,10,Rural,No,22.45,22.54,22.57,22.03,22.29,22.376,41.26,40.78,41.47,41.53,40.86,41.18,4.32,5.67,6.15,26.17,14.9,12.58,10.88,2.17,NM,15.4,6.21848297,6.827318492,-0.608835522,1.525027778
E3,HY-26,MR,HYPO,27.48703957,27.39519501,0.129887819,E3,ACTB,19.685812,19.64218903,0.061693545,14IJV22,A,NVT,Urban,5/15/22,7,Urban,No,17.16,17.26,17.09,17.35,17.4,17.252,21.52,21.92,21.88,21.19,21.59,21.62,4.25,3.65,4.29,10.29,0.54,9.6,3.14,0.84,DSM,9.6,7.75300598,7.345852755,0.407153225,0.754109942
E3,HY-26,GR,HYPO,26.96348572,26.94262314,0.029502794,E3,ACTB,19.685812,19.64218903,0.061693545,14IJV22,A,NVT,Urban,5/15/22,7,Urban,No,17.16,17.26,17.09,17.35,17.4,17.252,21.52,21.92,21.88,21.19,21.59,21.62,4.25,3.65,4.29,10.29,0.54,9.6,3.14,0.84,DSM,9.6,7.30043411,6.827318492,0.473115618,0.720407138
E5,HY-27,MR,HYPO,26.81839561,26.77767944,0.05758271,E5,ACTB,19.71722603,19.65821457,0.083456151,03IJV22,A,SVT,Urban,5/15/22,7,Urban,No,17.78,17.96,17.77,17.22,16.96,17.538,22.95,23.04,23.3,23.28,23.13,23.14,4.34,4.31,4.91,9.17,0.16,9,5.17,0.05,DSM,12.8,7.11946487,7.345852755,-0.226387884,1.169902163
E5,HY-27,GR,HYPO,26.17737961,26.10336304,0.104676589,E5,ACTB,19.71722603,19.65821457,0.083456151,03IJV22,A,SVT,Urban,5/15/22,7,Urban,No,17.78,17.96,17.77,17.22,16.96,17.538,22.95,23.04,23.3,23.28,23.13,23.14,4.34,4.31,4.91,9.17,0.16,9,5.17,0.05,DSM,12.8,6.44514847,6.827318492,-0.382170022,1.303300734
E7,HY-28,MR,HYPO,26.96942902,26.88389206,0.120967522,E7,ACTB,19.70446396,19.68829346,0.022869892,14IJV22,B,NVT,Urban,5/15/22,7,Urban,No,17.74,17.35,17.49,17.77,17.74,17.618,23.73,23.81,23.52,23.97,23.82,23.77,4.47,4.17,4.82,11.11,0,11.11,3.43,0.58,DSM,12.1,7.1955986,7.345852755,-0.150254155,1.109764958
E7,HY-28,GR,HYPO,26.39120865,26.35772705,0.047348782,E7,ACTB,19.70446396,19.68829346,0.022869892,14IJV22,B,NVT,Urban,5/15/22,7,Urban,No,17.74,17.35,17.49,17.77,17.74,17.618,23.73,23.81,23.52,23.97,23.82,23.77,4.47,4.17,4.82,11.11,0,11.11,3.43,0.58,DSM,12.1,6.66943359,6.827318492,-0.157884902,1.115650312
E9,HY-29,MR,HYPO,27.09761047,27.00847244,0.126058862,E9,ACTB,19.11817932,19.14875412,0.043240644,13IJV22,B,RAD,Urban.BHCO,5/20/22,5,Urban,Yes,17.59,17.24,16.93,16.59,16.32,16.934,19.71,19.22,19.3,19.27,18.18,19.136,5.98,4.52,6.16,7.15,0.36,6.8,2.44,0,DSM,10.4,7.85971832,7.345852755,0.513865565,0.700343417
E9,HY-29,GR,HYPO,26.55257416,26.64031601,0.124084368,E9,ACTB,19.11817932,19.14875412,0.043240644,13IJV22,B,RAD,Urban.BHCO,5/20/22,5,Urban,Yes,17.59,17.24,16.93,16.59,16.32,16.934,19.71,19.22,19.3,19.27,18.18,19.136,5.98,4.52,6.16,7.15,0.36,6.8,2.44,0,DSM,10.4,7.49156189,6.827318492,0.664243398,0.631019547
A5,HY-3,MR,HYPO,27.41116905,27.4912796,0.113294773,A5,ACTB,20.61440086,20.65151215,0.052481931,19IJV22,A,NVT,Urban,5/17/22,9,Urban,No,17.03,16.33,16.91,17.06,16.81,16.828,27.78,26.78,26.54,26.43,26.53,26.812,4.01,3.93,4.52,13.66,6.5,8.52,3.43,2.97,DSM,7.9,6.83976745,7.345852755,-0.506085305,1.42019133
A5,HY-3,GR,HYPO,26.99283028,27.08977509,0.137099311,A5,ACTB,20.61440086,20.65151215,0.052481931,19IJV22,A,NVT,Urban,5/17/22,9,Urban,No,17.03,16.33,16.91,17.06,16.81,16.828,27.78,26.78,26.54,26.43,26.53,26.812,4.01,3.93,4.52,13.66,6.5,8.52,3.43,2.97,DSM,7.9,6.43826294,6.827318492,-0.389055552,1.309535846
E11,HY-30,MR,HYPO,26.76324272,26.76615906,0.004124322,E11,ACTB,19.27954674,19.33917618,0.084330112,17IJV22,B,NVT,Urban.BHCO,5/12/22,6,Urban,Yes,17.47,17.93,17.75,17.61,17.34,17.62,23.47,23.19,23.52,22.86,23.11,23.23,4.12,4.38,4.68,11.11,NA,NA,3.78,NA,NM,NA,7.42698288,7.345852755,0.081130126,0.945316849
E11,HY-30,GR,HYPO,26.66301918,26.77606201,0.15986535,E11,ACTB,19.27954674,19.33917618,0.084330112,17IJV22,B,NVT,Urban.BHCO,5/12/22,6,Urban,Yes,17.47,17.93,17.75,17.61,17.34,17.62,23.47,23.19,23.52,22.86,23.11,23.23,4.12,4.38,4.68,11.11,NA,NA,3.78,NA,NM,NA,7.43688583,6.827318492,0.609567338,0.655393224
F1,HY-31,MR,HYPO,27.72363091,27.62050819,0.145837531,F1,ACTB,19.8039341,19.69601822,0.152614757,13IJV22,A,RAD,Urban.BHCO,5/20/22,5,Urban,Yes,15.01,14.39,14.58,15.03,15.33,14.868,15.98,15.41,15.66,15.72,16.16,15.786,3.16,3.72,3.45,5.31,NA,NA,2.18,NA,NM,9.4,7.92448997,7.345852755,0.578637216,0.669595986
F1,HY-31,GR,HYPO,27.06118584,27.01770782,0.061485846,F1,ACTB,19.8039341,19.69601822,0.152614757,13IJV22,A,RAD,Urban.BHCO,5/20/22,5,Urban,Yes,15.01,14.39,14.58,15.03,15.33,14.868,15.98,15.41,15.66,15.72,16.16,15.786,3.16,3.72,3.45,5.31,NA,NA,2.18,NA,NM,9.4,7.3216896,6.827318492,0.494371108,0.709871054
F3,HY-32,MR,HYPO,26.87755394,26.87368774,0.005467626,F3,ACTB,19.63070679,19.61829948,0.017546576,12TEF22,A,SVT,Urban.BHCO,6/15/22,6,Urban,Yes,17.72,17.86,17.86,17.79,17.54,17.754,23.14,23.68,23.57,24.4,24.08,23.774,4.18,4.25,4.78,11.77,0.38,10.97,3.39,1.47,DSM,12,7.25538826,7.345852755,-0.090464494,1.064712925
F3,HY-32,GR,HYPO,26.31305122,26.3481369,0.049617294,F3,ACTB,19.63070679,19.61829948,0.017546576,12TEF22,A,SVT,Urban.BHCO,6/15/22,6,Urban,Yes,17.72,17.86,17.86,17.79,17.54,17.754,23.14,23.68,23.57,24.4,24.08,23.774,4.18,4.25,4.78,11.77,0.38,10.97,3.39,1.47,DSM,12,6.72983742,6.827318492,-0.097481072,1.069903791
F5,HY-33,MR,HYPO,27.87421799,27.76631165,0.152601257,F5,ACTB,21.09021187,21.04582024,0.062779248,04CMT22,C,SVT,Urban.BHCO,6/21/22,9,Urban,Yes,20.01,20.22,20.24,20.23,20.18,20.176,35.93,35.6,35.33,35.63,34.92,35.482,5.36,4.85,5.55,22.73,10.72,11.74,9.79,3.28,DSM,15.1,6.72049141,7.345852755,-0.625361345,1.542597143
F5,HY-33,GR,HYPO,28.5810585,28.54956055,0.044544835,F5,ACTB,21.09021187,21.04582024,0.062779248,04CMT22,C,SVT,Urban.BHCO,6/21/22,9,Urban,Yes,20.01,20.22,20.24,20.23,20.18,20.176,35.93,35.6,35.33,35.63,34.92,35.482,5.36,4.85,5.55,22.73,10.72,11.74,9.79,3.28,DSM,15.1,7.50374031,6.827318492,0.676421818,0.625715255
F7,HY-34,MR,HYPO,29.39247322,29.30488586,0.123868577,F7,ACTB,22.20101166,22.16375923,0.052682888,21SJL22,A,SVT,Urban.BHCO,6/19/22,9,Urban,Yes,21.37,20.87,21.37,20.86,20.97,21.088,34.27,32.05,32.45,31.55,31.59,32.382,4.59,3.88,5.42,20.21,5.4,13.92,5.5,1.98,DSM,12.4,7.14112663,7.345852755,-0.204726125,1.152467546
F7,HY-34,GR,HYPO,29.83848572,29.70441055,0.189612269,F7,ACTB,22.20101166,22.16375923,0.052682888,21SJL22,A,SVT,Urban.BHCO,6/19/22,9,Urban,Yes,21.37,20.87,21.37,20.86,20.97,21.088,34.27,32.05,32.45,31.55,31.59,32.382,4.59,3.88,5.42,20.21,5.4,13.92,5.5,1.98,DSM,12.4,7.54065132,6.827318492,0.713332828,0.609909533
F9,HY-35,MR,HYPO,29.29177284,29.11406898,0.251311213,F9,ACTB,20.88248444,20.91358566,0.043985125,22IJV22,B,RAD,Urban.BHCO,6/12/22,9,Urban,Yes,20.41,20.64,20.64,20.34,20.44,20.494,38.7,37.93,38.48,38.4,38.9,38.482,5.56,4.28,6.63,24.39,14.31,9.42,10.67,7.29,DSM,14.6,8.20048332,7.345852755,0.854630566,0.553006918
F9,HY-35,GR,HYPO,27.21451569,27.23073196,0.022934629,F9,ACTB,20.88248444,20.91358566,0.043985125,22IJV22,B,RAD,Urban.BHCO,6/12/22,9,Urban,Yes,20.41,20.64,20.64,20.34,20.44,20.494,38.7,37.93,38.48,38.4,38.9,38.482,5.56,4.28,6.63,24.39,14.31,9.42,10.67,7.29,DSM,14.6,6.3171463,6.827318492,-0.510172192,1.424220172
F11,HY-36,MR,HYPO,27.97189522,28.13022995,0.223920479,F11,ACTB,20.57396126,20.64383888,0.098821886,09CMT22,B,NVT,Urban.BHCO,6/30/22,6,Urban,Yes,19.39,19.77,19.29,19.65,19.34,19.488,26.89,27.59,26.94,26.86,27.64,27.184,4.61,4.14,5.06,15.66,1.46,13.51,5.42,0.52,NM,14,7.48639107,7.345852755,0.140538316,0.907180594
F11,HY-36,GR,HYPO,27.4324646,27.35834694,0.104818203,F11,ACTB,20.57396126,20.64383888,0.098821886,09CMT22,B,NVT,Urban.BHCO,6/30/22,6,Urban,Yes,19.39,19.77,19.29,19.65,19.34,19.488,26.89,27.59,26.94,26.86,27.64,27.184,4.61,4.14,5.06,15.66,1.46,13.51,5.42,0.52,NM,14,6.71450806,6.827318492,-0.112810432,1.081332668
G1,HY-37,MR,HYPO,28.96889496,28.84549713,0.174510881,G1,ACTB,22.03539658,21.98826218,0.066659458,22TEF22,B,RAD,Urban,7/2/22,6,Urban,No,20.6,19.56,19.37,20.04,19.58,19.83,25.54,25.1,25.18,25.63,25.51,25.392,4.61,3.69,4.49,11.89,0.57,11.39,3.64,NA,NM,13.5,6.85723495,7.345852755,-0.488617805,1.403099971
G1,HY-37,GR,HYPO,29.18025017,29.09901428,0.114886239,G1,ACTB,22.03539658,21.98826218,0.066659458,22TEF22,B,RAD,Urban,7/2/22,6,Urban,No,20.6,19.56,19.37,20.04,19.58,19.83,25.54,25.1,25.18,25.63,25.51,25.392,4.61,3.69,4.49,11.89,0.57,11.39,3.64,NA,NM,13.5,7.1107521,6.827318492,0.283433608,0.821633205
G3,HY-38,MR,HYPO,28.3748951,28.32647705,0.06847211,G3,ACTB,20.34172249,20.27329636,0.09677051,04CMT22,A,SVT,Urban.BHCO,6/21/22,9,Urban,Yes,16.41,16.06,16.29,16.32,16.34,16.284,22.97,23.26,22.94,23.24,23.2,23.122,4.52,3.71,5.27,11.68,3.71,8.9,1.64,0.75,DSM,6.4,8.05318069,7.345852755,0.707327936,0.612453435
G3,HY-38,GR,HYPO,27.11505699,27.12274551,0.010871864,G3,ACTB,20.34172249,20.27329636,0.09677051,04CMT22,A,SVT,Urban.BHCO,6/21/22,9,Urban,Yes,16.41,16.06,16.29,16.32,16.34,16.284,22.97,23.26,22.94,23.24,23.2,23.122,4.52,3.71,5.27,11.68,3.71,8.9,1.64,0.75,DSM,6.4,6.84944915,6.827318492,0.022130658,0.984777252
G5,HY-39,MR,HYPO,28.05772018,28.01899147,0.054770671,G5,ACTB,20.88791656,20.83404541,0.076186664,22TEF22,A,RAD,Urban,7/2/22,6,Urban,No,18.51,18.56,18.37,18.44,18.39,18.454,24.09,24.28,23.92,23.75,23.95,23.998,4.11,3.82,4.49,11.47,NA,NA,4.06,NA,NM,13.7,7.18494606,7.345852755,-0.160906695,1.117989543
G5,HY-39,GR,HYPO,27.97338104,27.89753342,0.107264742,G5,ACTB,20.88791656,20.83404541,0.076186664,22TEF22,A,RAD,Urban,7/2/22,6,Urban,No,18.51,18.56,18.37,18.44,18.39,18.454,24.09,24.28,23.92,23.75,23.95,23.998,4.11,3.82,4.49,11.47,NA,NA,4.06,NA,NM,13.7,7.06348801,6.827318492,0.236169518,0.848996482
A7,HY-4,MR,HYPO,30.60181427,30.41410065,0.265465796,A7,ACTB,24.40152168,24.40006256,0.002064858,17SJL22,A,SVT,Urban.BHCO,5/23/22,10,Urban,Yes,22.22,22.35,21.93,21.87,21.79,22.032,38.23,37.49,38.42,38.35,37.31,37.96,5.08,4.98,7.23,25.4,15,10.51,13.27,5.43,DSM,16.4,6.01403809,7.345852755,-1.331814665,2.517190956
E5,HY-4,GR,HYPO,30.308815,30.25693512,0.073370583,A7,ACTB,24.40152168,24.40006256,0.002064858,17SJL22,A,SVT,Urban.BHCO,5/23/22,10,Urban,Yes,22.22,22.35,21.93,21.87,21.79,22.032,38.23,37.49,38.42,38.35,37.31,37.96,5.08,4.98,7.23,25.4,15,10.51,13.27,5.43,DSM,16.4,5.85687256,6.827318492,-0.970445932,1.959446159
G7,HY-40,MR,HYPO,27.22967339,27.20118713,0.040285643,G7,ACTB,20.88297462,20.83111572,0.073338211,20TEF22,B,KENT,Rural,6/11/22,9,Rural,No,21.65,21.33,21.22,21.84,21.65,21.538,37.39,37.27,37.28,37.61,37.69,37.448,5.26,4.56,5.69,23.91,11.26,12.54,9.29,2.32,NM,16.3,6.37007141,7.345852755,-0.975781344,1.966706051
G7,HY-40,GR,HYPO,27.66197777,27.62509155,0.052166335,G7,ACTB,20.88297462,20.83111572,0.073338211,20TEF22,B,KENT,Rural,6/11/22,9,Rural,No,21.65,21.33,21.22,21.84,21.65,21.538,37.39,37.27,37.28,37.61,37.69,37.448,5.26,4.56,5.69,23.91,11.26,12.54,9.29,2.32,NM,16.3,6.79397583,6.827318492,-0.033342662,1.023380509
G9,HY-41,MR,HYPO,27.61353683,27.5278244,0.121217035,G9,ACTB,20.52223015,20.55373383,0.044552926,27SJL22,A,SVT,Urban,7/7/24,6,Urban,Yes,18.77,18.79,18.52,18.98,18.21,18.654,28.05,28.27,27.88,27.86,27.99,28.01,5.61,4.36,5.21,14.12,1.29,12.87,5.33,0.56,DSM,15.9,6.97409057,7.345852755,-0.371762184,1.293932344
G9,HY-41,GR,HYPO,27.6703434,27.65646744,0.019623572,G9,ACTB,20.52223015,20.55373383,0.044552926,27SJL22,A,SVT,Urban,7/7/24,6,Urban,Yes,18.77,18.79,18.52,18.98,18.21,18.654,28.05,28.27,27.88,27.86,27.99,28.01,5.61,4.36,5.21,14.12,1.29,12.87,5.33,0.56,DSM,15.9,7.10273361,6.827318492,0.275415118,0.826212551
G11,HY-42,MR,HYPO,27.48283577,27.5711937,0.124955624,G11,ACTB,21.20412064,21.31333923,0.154459775,11TEF22,B,SVT,Urban,6/11/22,9,Urban,No,20.71,19.76,19.68,19.78,19.84,19.954,32.68,32.61,32.35,32.49,32.53,32.532,4.29,4.53,4.48,17.5,4.36,13.1,7.1,1.39,MSP,13.3,6.25785447,7.345852755,-1.087998285,2.125788821
G11,HY-42,GR,HYPO,27.96294785,27.94913101,0.019541303,G11,ACTB,21.20412064,21.31333923,0.154459775,11TEF22,B,SVT,Urban,6/11/22,9,Urban,No,20.71,19.76,19.68,19.78,19.84,19.954,32.68,32.61,32.35,32.49,32.53,32.532,4.29,4.53,4.48,17.5,4.36,13.1,7.1,1.39,MSP,13.3,6.63579178,6.827318492,-0.191526712,1.141971552
H1,HY-43,MR,HYPO,28.1005249,28.12412262,0.033372212,H1,ACTB,21.13913345,21.07568359,0.089732997,20TEF22,A,KENT,Rural,6/11/22,9,Rural,No,21.9,21.65,22.07,21.83,21.72,21.834,38.52,39.05,38.98,38.75,38.53,38.766,5.67,4.43,5.86,25.41,15.05,12.24,13.52,4.65,DSM,17.5,7.04843903,7.345852755,-0.297413724,1.228939355
H1,HY-43,GR,HYPO,27.50767136,27.33588409,0.242945224,H1,ACTB,21.13913345,21.07568359,0.089732997,20TEF22,A,KENT,Rural,6/11/22,9,Rural,No,21.9,21.65,22.07,21.83,21.72,21.834,38.52,39.05,38.98,38.75,38.53,38.766,5.67,4.43,5.86,25.41,15.05,12.24,13.52,4.65,DSM,17.5,6.2602005,6.827318492,-0.567117992,1.481560963
H3,HY-44,MR,HYPO,28.35837173,28.32736206,0.043852951,H3,ACTB,19.94104767,19.8676281,0.103830956,13SJL22,B,STREAM,Rural,6/9/22,6,Rural,No,17.75,18.09,18.34,18.06,17.98,18.044,21.22,20.7,20.59,20.77,20.85,20.826,3.65,3.71,4.21,8.13,NA,NA,2.82,NA,NM,11.6,8.45973396,7.345852755,1.113881206,0.462049331
H3,HY-44,GR,HYPO,26.9340477,26.90364838,0.042992484,H3,ACTB,19.94104767,19.8676281,0.103830956,13SJL22,B,STREAM,Rural,6/9/22,6,Rural,No,17.75,18.09,18.34,18.06,17.98,18.044,21.22,20.7,20.59,20.77,20.85,20.826,3.65,3.71,4.21,8.13,NA,NA,2.82,NA,NM,11.6,7.03602028,6.827318492,0.208701788,0.865315537
H5,HY-45,MR,HYPO,28.09848022,28.05069733,0.067573875,H5,ACTB,20.94759941,20.85881805,0.125554457,18SJL22,A,SVT,Urban.BHCO,6/18/22,9,Urban,Yes,20.8,20.45,20.55,20.28,20.38,20.492,35.13,35.24,35.48,35.4,35.06,35.262,5.06,3.98,6.18,21.55,15.75,6.65,9.67,4.2,DSM,14.5,7.19187928,7.345852755,-0.153973475,1.112629664
H5,HY-45,GR,HYPO,26.81241989,26.82290459,0.014827599,H5,ACTB,20.94759941,20.85881805,0.125554457,18SJL22,A,SVT,Urban.BHCO,6/18/22,9,Urban,Yes,20.8,20.45,20.55,20.28,20.38,20.492,35.13,35.24,35.48,35.4,35.06,35.262,5.06,3.98,6.18,21.55,15.75,6.65,9.67,4.2,DSM,14.5,5.96408654,6.827318492,-0.863231952,1.81910895
H5,HY-45,GR,HYPO,26.81241989,26.82290459,0.014827599,H5,ACTB,20.94759941,20.85881805,0.125554457,18SJL22,A,SVT,Urban.BHCO,6/18/22,9,Urban,Yes,20.8,20.45,20.55,20.28,20.38,20.492,35.13,35.24,35.48,35.4,35.06,35.262,5.06,3.98,6.18,21.55,15.75,6.65,9.67,4.2,DSM,14.5,5.96408654,6.827318492,-0.863231952,1.81910895
H7,HY-46,MR,HYPO,27.28473854,27.20586395,0.111545511,H7,ACTB,20.10298538,20.17840195,0.106656477,33IJV22,A,STREAM,Rural,6/17/22,6,Rural,No,20.66,20.54,20.47,20.87,20.65,20.638,24.34,24.45,25.01,24.65,24.99,24.688,4.25,3.82,5.24,12.74,0.68,11.8,3.48,1.32,DSM,12.3,7.027462,7.345852755,-0.318390755,1.246938882
H7,HY-46,GR,HYPO,26.73624611,26.70041656,0.050669279,H7,ACTB,20.10298538,20.17840195,0.106656477,33IJV22,A,STREAM,Rural,6/17/22,6,Rural,No,20.66,20.54,20.47,20.87,20.65,20.638,24.34,24.45,25.01,24.65,24.99,24.688,4.25,3.82,5.24,12.74,0.68,11.8,3.48,1.32,DSM,12.3,6.52201461,6.827318492,-0.305303882,1.235678887
H9,HY-47,MR,HYPO,27.70664406,27.72252464,0.022458538,A1,ACTB,20.48596382,20.4774704,0.012011515,33IJV22,B,STREAM,Rural,6/17/22,6,Rural,No,20.88,21.14,20.63,20.7,20.78,20.826,28.96,28.68,28.66,29.08,29.02,28.88,4.87,3.77,5.66,14.19,1.29,13.56,3.8,1.02,DSM,16.8,7.24505424,7.345852755,-0.100798515,1.072366841
H11,HY-48,MR,HYPO,28.74280548,28.75885391,0.02269456,A3,ACTB,21.54878426,21.5281105,0.029238449,11TEF22,A,SVT,Urban,6/11/22,9,Urban,No,19.74,19.02,19.26,19.71,19.03,19.352,31.08,30.26,31.11,30.43,30.67,30.71,4.14,4.21,5.43,18.33,5.69,12.62,5.52,1.35,NM,10.9,7.23074341,7.345852755,-0.115109345,1.083057129
H9,HY-48,GR,HYPO,27.06619263,26.99860001,0.095591746,A3,ACTB,21.54878426,21.5281105,0.029238449,11TEF22,A,SVT,Urban,6/11/22,9,Urban,No,19.74,19.02,19.26,19.71,19.03,19.352,31.08,30.26,31.11,30.43,30.67,30.71,4.14,4.21,5.43,18.33,5.69,12.62,5.52,1.35,NM,10.9,5.47048951,6.827318492,-1.356828982,2.561216096
A1,HY-49,MR,HYPO,27.18823814,27.07953072,0.153735519,A5,ACTB,19.71843338,19.6848526,0.047489047,22IJV22,A,RAD,Urban.BHCO,6/12/22,9,Urban,Yes,19.84,19.33,19.23,19.82,19.41,19.526,36.79,36.63,36.84,36.74,36.74,36.748,4.65,4.51,4.7,21.8,10.74,12.69,7.86,2.4,NM,12.9,7.39467812,7.345852755,0.048825366,0.966723109
H11,HY-49,GR,HYPO,28.03378296,28.04946518,0.022179358,A5,ACTB,19.71843338,19.6848526,0.047489047,22IJV22,A,RAD,Urban.BHCO,6/12/22,9,Urban,Yes,19.84,19.33,19.23,19.82,19.41,19.526,36.79,36.63,36.84,36.74,36.74,36.748,4.65,4.51,4.7,21.8,10.74,12.69,7.86,2.4,NM,12.9,8.36461258,6.827318492,1.537294088,0.34453105
A9,HY-5,MR,HYPO,26.92473984,26.89754486,0.038458157,A9,ACTB,19.24152565,19.22899246,0.017725954,01IJV22,A,SVT,Urban,5/15/22,5,Urban,No,16.28,16.37,15.52,15.67,15.5,15.868,18.84,18.87,19.43,18.79,19.36,19.058,3.87,3.35,4.34,8.02,0.3,7.77,2.49,0.64,DSM,9.9,7.6685524,7.345852755,0.322699645,0.799572276
E7,HY-5,GR,HYPO,27.21109772,27.1286087,0.116657078,A9,ACTB,19.24152565,19.22899246,0.017725954,01IJV22,A,SVT,Urban,5/15/22,5,Urban,No,16.28,16.37,15.52,15.67,15.5,15.868,18.84,18.87,19.43,18.79,19.36,19.058,3.87,3.35,4.34,8.02,0.3,7.77,2.49,0.64,DSM,9.9,7.89961624,6.827318492,1.072297748,0.47556098
A3,HY-50,MR,HYPO,27.14022446,27.13212967,0.011449107,A7,ACTB,20.09188652,20.12924004,0.05282585,03CMT22,B,RAD,Urban,6/5/22,6,Urban,No,18.73,18.41,18.29,17.77,18.56,18.352,25.09,24.73,24.48,25.24,25.17,24.942,3.62,4.06,4.39,12.6,1.06,11.52,4.31,NA,NM,12.9,7.00288963,7.345852755,-0.342963124,1.268358979
C5,HY-50,GR,HYPO,26.74402237,26.69046402,0.075742945,A7,ACTB,20.09188652,20.12924004,0.05282585,03CMT22,B,RAD,Urban,6/5/22,6,Urban,No,18.73,18.41,18.29,17.77,18.56,18.352,25.09,24.73,24.48,25.24,25.17,24.942,3.62,4.06,4.39,12.6,1.06,11.52,4.31,NA,NM,12.9,6.56122398,6.827318492,-0.266094512,1.202548026
A5,HY-51,MR,HYPO,27.08903885,27.16942596,0.113683201,A9,ACTB,20.21936417,20.30686569,0.123745844,23IJV22,B,STREAM,Rural,6/9/22,6,Rural,No,19.25,19.38,19.2,18.99,18.95,19.154,25.99,26.23,26.15,25.88,26.5,26.15,4.68,4.01,5.91,12.76,0.25,12.57,3.79,1.07,DSM,5.1,6.86256027,7.345852755,-0.483292484,1.397930352
C7,HY-51,GR,HYPO,26.77552986,26.63980103,0.191950902,A9,ACTB,20.21936417,20.30686569,0.123745844,23IJV22,B,STREAM,Rural,6/9/22,6,Rural,No,19.25,19.38,19.2,18.99,18.95,19.154,25.99,26.23,26.15,25.88,26.5,26.15,4.68,4.01,5.91,12.76,0.25,12.57,3.79,1.07,DSM,5.1,6.33293534,6.827318492,-0.494383152,1.408718305
A7,HY-52,MR,HYPO,27.79842186,27.78261566,0.022351991,A11,ACTB,19.56003761,19.58349228,0.033171255,17TEF22,B,STREAM,Rural,6/4/22,6,Rural,No,20.33,20.3,20.96,20.18,20.37,20.428,24.43,24.5,23.82,23.8,23.85,24.08,4.06,4.17,3.94,10.51,0.3,10.08,3.78,1.22,DSM,11.3,8.19912338,7.345852755,0.853270626,0.55352845
C9,HY-52,GR,HYPO,26.36320496,26.30573845,0.081269912,A11,ACTB,19.56003761,19.58349228,0.033171255,17TEF22,B,STREAM,Rural,6/4/22,6,Rural,No,20.33,20.3,20.96,20.18,20.37,20.428,24.43,24.5,23.82,23.8,23.85,24.08,4.06,4.17,3.94,10.51,0.3,10.08,3.78,1.22,DSM,11.3,6.72224617,6.827318492,-0.105072322,1.075548306
A9,HY-53,MR,HYPO,27.7440815,27.70477295,0.05559203,B1,ACTB,19.94569969,19.87665749,0.097640425,03CMT22,A,RAD,Urban,6/5/22,6,Urban,No,19.4,18.83,19.06,18.65,18.71,18.93,26.29,25.91,26.02,25.5,25.34,25.812,3.73,3.79,4.82,13.16,0.58,12.44,4.13,0.33,DSM,13.6,7.82811546,7.345852755,0.482262705,0.715854006
C11,HY-53,GR,HYPO,26.79628944,26.77148056,0.03508506,B1,ACTB,19.94569969,19.87665749,0.097640425,03CMT22,A,RAD,Urban,6/5/22,6,Urban,No,19.4,18.83,19.06,18.65,18.71,18.93,26.29,25.91,26.02,25.5,25.34,25.812,3.73,3.79,4.82,13.16,0.58,12.44,4.13,0.33,DSM,13.6,6.89482307,6.827318492,0.067504578,0.954287197
A11,HY-54,MR,HYPO,27.34272003,27.26824951,0.105315872,B3,ACTB,19.10464668,19.08042145,0.034258306,13SJL22,A,STREAM,Rural,6/9/22,6,Rural,No,17.25,17.18,17.5,17.79,17.47,17.438,21.03,20.62,20.87,20.89,20.49,20.78,3.69,3.94,4.61,9.08,NA,NA,2.16,NA,NM,11.1,8.18782806,7.345852755,0.841975306,0.55787921
D1,HY-54,GR,HYPO,26.02856064,25.98333359,0.06395936,B3,ACTB,19.10464668,19.08042145,0.034258306,13SJL22,A,STREAM,Rural,6/9/22,6,Rural,No,17.25,17.18,17.5,17.79,17.47,17.438,21.03,20.62,20.87,20.89,20.49,20.78,3.69,3.94,4.61,9.08,NA,NA,2.16,NA,NM,11.1,6.90291214,6.827318492,0.075593648,0.948951561
B1,HY-55,MR,HYPO,27.38684464,27.2790947,0.152382776,B5,ACTB,19.57926941,19.48925018,0.127306417,02JAG22,B,RAD,Urban.BHCO,6/4/22,6,Urban,Yes,20.32,20.19,20.2,20.08,20.17,20.192,27.89,27.63,28.17,27.73,27.58,27.8,4.53,3.73,4.33,13.22,1.13,12.28,4.31,NA,NM,15.6,7.78984452,7.345852755,0.443991766,0.735097864
D3,HY-55,GR,HYPO,25.95774841,25.94472504,0.018416487,B5,ACTB,19.57926941,19.48925018,0.127306417,02JAG22,B,RAD,Urban.BHCO,6/4/22,6,Urban,Yes,20.32,20.19,20.2,20.08,20.17,20.192,27.89,27.63,28.17,27.73,27.58,27.8,4.53,3.73,4.33,13.22,1.13,12.28,4.31,NA,NM,15.6,6.45547486,6.827318492,-0.371843632,1.294005394
B3,HY-56,MR,HYPO,28.38749504,28.28833961,0.140226945,B7,ACTB,19.52193642,19.57553101,0.075795546,10TEF22,B,RAD,Urban.BHCO,6/4/22,6,Urban,Yes,16.51,16.34,16.59,16.16,16.37,16.394,19.98,19.93,20.06,19.75,20,19.944,4.27,3.94,4.55,9.74,0.37,9.21,2.54,0.4,DSM,9.3,8.7128086,7.345852755,1.366955846,0.387708469
D5,HY-56,GR,HYPO,26.39287758,26.29333115,0.140779913,B7,ACTB,19.52193642,19.57553101,0.075795546,10TEF22,B,RAD,Urban.BHCO,6/4/22,6,Urban,Yes,16.51,16.34,16.59,16.16,16.37,16.394,19.98,19.93,20.06,19.75,20,19.944,4.27,3.94,4.55,9.74,0.37,9.21,2.54,0.4,DSM,9.3,6.71780014,6.827318492,-0.109518352,1.078867993
B5,HY-57,MR,HYPO,27.17613602,27.25087738,0.105698898,B9,ACTB,20.29792595,20.24782753,0.070849866,17TEF22,A,STREAM,Rural,6/4/22,6,Rural,No,18.47,17.97,17.72,18.01,17.84,18.002,22.98,23.45,22.83,22.51,22.64,22.882,4.23,3.84,4.88,11.19,NA,NA,3.54,NA,NM,14.2,7.00304985,7.345852755,-0.342802905,1.268218128
D7,HY-57,GR,HYPO,27.4012661,27.32516479,0.107623495,B9,ACTB,20.29792595,20.24782753,0.070849866,17TEF22,A,STREAM,Rural,6/4/22,6,Rural,No,18.47,17.97,17.72,18.01,17.84,18.002,22.98,23.45,22.83,22.51,22.64,22.882,4.23,3.84,4.88,11.19,NA,NA,3.54,NA,NM,14.2,7.07733726,6.827318492,0.250018768,0.840885476
B7,HY-58,MR,HYPO,27.5458107,27.63201141,0.121906221,B11,ACTB,20.57135391,20.57138252,4.05E-05,10TEF22,A,RAD,Urban.BHCO,6/4/22,6,Urban,Yes,16.58,17.37,17.57,16.51,15.85,16.776,17.22,16.98,16.98,16.8,16.62,16.92,3.79,3.94,3.91,6.63,0,6.63,1.34,0,DSM,7,7.06062889,7.345852755,-0.285223865,1.21859934
D9,HY-58,GR,HYPO,27.31862068,27.335989,0.02456251,B11,ACTB,20.57135391,20.57138252,4.05E-05,10TEF22,A,RAD,Urban.BHCO,6/4/22,6,Urban,Yes,16.58,17.37,17.57,16.51,15.85,16.776,17.22,16.98,16.98,16.8,16.62,16.92,3.79,3.94,3.91,6.63,0,6.63,1.34,0,DSM,7,6.76460648,6.827318492,-0.062712012,1.044427255
B9,HY-59,MR,HYPO,27.85123253,27.70322037,0.209322155,C1,ACTB,19.97324181,19.89281654,0.1137385,19TEF22,A,SVT,Urban.BHCO,6/12/22,6,Urban,Yes,18.13,18.03,18.4,18.25,17.99,18.16,24.81,25.08,24.93,25.01,25.29,25.024,4.44,4.8,4.72,11.52,0.3,11.33,2.28,0.69,DSM,14.3,7.81040383,7.345852755,0.464551076,0.724696547
D11,HY-59,GR,HYPO,27.17060852,27.11139107,0.083746128,C1,ACTB,19.97324181,19.89281654,0.1137385,19TEF22,A,SVT,Urban.BHCO,6/12/22,6,Urban,Yes,18.13,18.03,18.4,18.25,17.99,18.16,24.81,25.08,24.93,25.01,25.29,25.024,4.44,4.8,4.72,11.52,0.3,11.33,2.28,0.69,DSM,14.3,7.21857453,6.827318492,0.391256038,0.762465498
A11,HY-6,MR,HYPO,26.96295166,26.94811249,0.020984409,A11,ACTB,19.48288155,19.48508835,0.003122238,04CMT22,B,SVT,Urban.BHCO,6/21/22,9,Urban,Yes,20.43,20.17,20.29,20.45,20.43,20.354,33.92,33.88,33.62,34.4,34.44,34.052,5,3.99,6.07,21.61,10.47,11.85,7.35,2.1,DSM,14.1,7.46302414,7.345852755,0.117171385,0.921993583
A11,HY-6,GR,HYPO,26.9653244,26.98128891,0.022578573,A11,ACTB,19.48288155,19.48508835,0.003122238,04CMT22,B,SVT,Urban.BHCO,6/21/22,9,Urban,Yes,20.43,20.17,20.29,20.45,20.43,20.354,33.92,33.88,33.62,34.4,34.44,34.052,5,3.99,6.07,21.61,10.47,11.85,7.35,2.1,DSM,14.1,7.49620056,6.827318492,0.668882068,0.6289939
B11,HY-60,MR,HYPO,27.96133232,27.90058517,0.08591079,C3,ACTB,19.69539642,19.66671371,0.040562127,23IJV22,A,STREAM,Rural,6/9/22,6,Rural,No,14.63,14.6,14.62,14.16,14.33,14.468,16.29,15.7,15.55,15.79,16.02,15.87,3.23,2.94,2.71,4.98,NA,NA,1.88,NA,NM,10.4,8.23387146,7.345852755,0.888018706,0.540355695
E1,HY-60,GR,HYPO,26.9354744,26.86271667,0.102894954,C3,ACTB,19.69539642,19.66671371,0.040562127,23IJV22,A,STREAM,Rural,6/9/22,6,Rural,No,14.63,14.6,14.62,14.16,14.33,14.468,16.29,15.7,15.55,15.79,16.02,15.87,3.23,2.94,2.71,4.98,NA,NA,1.88,NA,NM,10.4,7.19600296,6.827318492,0.368684468,0.774488398
C1,HY-61,MR,HYPO,28.91905785,28.92325783,0.005939671,C5,ACTB,19.02353668,19.01812363,0.007653868,02JAG22,A,RAD,Urban.BHCO,6/4/22,6,Urban,Yes,16.92,16.64,16.52,16.19,16.17,16.488,22.45,21.73,21.7,21.44,21.59,21.782,4.27,4.13,4.89,8.52,0,8.52,2.14,1.06,DSM,12.1,9.9051342,7.345852755,2.559281446,0.169660021
E3,HY-61,GR,HYPO,25.96544838,25.94055557,0.035202395,C5,ACTB,19.02353668,19.01812363,0.007653868,02JAG22,A,RAD,Urban.BHCO,6/4/22,6,Urban,Yes,16.92,16.64,16.52,16.19,16.17,16.488,22.45,21.73,21.7,21.44,21.59,21.782,4.27,4.13,4.89,8.52,0,8.52,2.14,1.06,DSM,12.1,6.92243194,6.827318492,0.095113448,0.936198625
B1,HY-7,MR,HYPO,27.29533195,27.13427734,0.227766961,B1,ACTB,19.37489891,19.30066299,0.10498409,17IJV22,A,NVT,Urban.BHCO,5/12/22,6,Urban,Yes,14.69,14.65,14.93,14.85,14.36,14.696,18.84,18.8,18.46,18.73,18.69,18.704,3.8,3.17,4.05,7.32,NA,NA,1.34,NA,NM,NA,7.83361435,7.345852755,0.487761596,0.713130693
B1,HY-7,GR,HYPO,26.28894997,26.26143646,0.038908623,B1,ACTB,19.37489891,19.30066299,0.10498409,17IJV22,A,NVT,Urban.BHCO,5/12/22,6,Urban,Yes,14.69,14.65,14.93,14.85,14.36,14.696,18.84,18.8,18.46,18.73,18.69,18.704,3.8,3.17,4.05,7.32,NA,NA,1.34,NA,NM,NA,6.96077347,6.827318492,0.133454978,0.911645617
B3,HY-8,MR,HYPO,26.97054863,26.967062,0.004930844,B3,ACTB,19.74593163,19.69826508,0.067409329,09CMT22,A,NVT,Urban.BHCO,6/1/22,6,Urban,Yes,18.17,17.47,17.7,17.52,17.48,17.668,23.98,23.51,23.27,23.69,23.81,23.652,2.89,3.21,3.84,12.1,1.15,10.18,3.15,NA,NM,11.8,7.26879692,7.345852755,-0.077055835,1.054863141
B3,HY-8,GR,HYPO,26.71862984,26.70106506,0.024838991,B3,ACTB,19.74593163,19.69826508,0.067409329,09CMT22,A,NVT,Urban.BHCO,6/1/22,6,Urban,Yes,18.17,17.47,17.7,17.52,17.48,17.668,23.98,23.51,23.27,23.69,23.81,23.652,2.89,3.21,3.84,12.1,1.15,10.18,3.15,NA,NM,11.8,7.00279998,6.827318492,0.175481488,0.88547195
B5,HY-9,MR,HYPO,28.052948,27.89022064,0.230129883,B5,ACTB,20.06247902,20.02649689,0.05088507,04SJL22,B,NVT,Urban,5/19/22,7,Urban,No,17.43,17.38,17.73,17.61,17.54,17.538,23.07,23.36,23.42,23.24,23.38,23.294,3.63,4.51,4.41,12.23,0.75,11.88,13.36,0.84,MSP,12.5,7.86372375,7.345852755,0.517870995,0.698401714
B5,HY-9,GR,HYPO,27.31936836,27.37033844,0.072081223,B5,ACTB,20.06247902,20.02649689,0.05088507,04SJL22,B,NVT,Urban,5/19/22,7,Urban,No,17.43,17.38,17.73,17.61,17.54,17.538,23.07,23.36,23.42,23.24,23.38,23.294,3.63,4.51,4.41,12.23,0.75,11.88,13.36,0.84,MSP,12.5,7.34384155,6.827318492,0.516523058,0.699054549
A1,HP-1,MR,HP,23.80158043,23.77044678,0.044030983,A1,ACTB,18.98434639,18.9496727,0.049036004,33SJL22,C,STREAM,Rural,6/30/22,7,Rural,No,19.25,19.34,19.2,19.21,19.71,19.342,30.14,30.95,30.26,30.56,30.65,30.512,5.11,3.28,4.98,14.94,1.66,13.42,4.71,0.62,DSM,15.2,4.82077408,5.779763412,-0.958989332,1.943947601
C3,HP-1,GR,HP,26.08531952,26.23696518,0.214459345,A1,ACTB,18.98434639,18.9496727,0.049036004,33SJL22,C,STREAM,Rural,6/30/22,7,Rural,No,19.25,19.34,19.2,19.21,19.71,19.342,30.14,30.95,30.26,30.56,30.65,30.512,5.11,3.28,4.98,14.94,1.66,13.42,4.71,0.62,DSM,15.2,7.28729248,7.707023524,-0.419731044,1.337678153
B7,HP-10,MR,HP,27.63011169,27.53871155,0.129257977,B7,ACTB,21.90278435,21.81629372,0.122316226,03SJL22,NA,NVT,Urban,5/16/22,10,Urban,No,23.23,23.27,22.98,22.98,23.36,23.164,42.48,42.3,42.26,41.96,41.21,42.042,5.48,4.83,6.51,28.21,16.27,11.82,12.42,5.19,DSM,19.4,5.72241783,5.779763412,-0.057345582,1.040549489
D9,HP-10,GR,HP,28.260149,28.18637085,0.104339413,B7,ACTB,21.90278435,21.81629372,0.122316226,03SJL22,NA,NVT,Urban,5/16/22,10,Urban,No,23.23,23.27,22.98,22.98,23.36,23.164,42.48,42.3,42.26,41.96,41.21,42.042,5.48,4.83,6.51,28.21,16.27,11.82,12.42,5.19,DSM,19.4,6.37007713,7.707023524,-1.336946394,2.526160658
B11,HP-12,MR,HP,24.15372658,24.15544891,0.002437099,B11,ACTB,18.47674179,18.47600174,0.001047939,07TEF22,B,STREAM,Rural,5/12/22,5,Rural,No,16.05,15.61,15.66,15.55,15.26,15.626,17.57,17.1,17.13,17.1,17.41,17.262,4.42,3.73,4.45,6.51,NA,NA,1.61,NA,NM,NA,5.67944717,5.779763412,-0.100316242,1.072008423
E1,HP-12,GR,HP,25.66388512,25.65101242,0.018204741,B11,ACTB,18.47674179,18.47600174,0.001047939,07TEF22,B,STREAM,Rural,5/12/22,5,Rural,No,16.05,15.61,15.66,15.55,15.26,15.626,17.57,17.1,17.13,17.1,17.41,17.262,4.42,3.73,4.45,6.51,NA,NA,1.61,NA,NM,NA,7.17501068,7.707023524,-0.532012844,1.445945167
C1,HP-13,MR,HP,23.65079689,23.64011765,0.015104081,C1,ACTB,18.80438805,18.79362106,0.015228163,02TEF22,A,NVT,Urban,5/15/22,5,Urban,No,19.42,19.4,19.49,19.63,19.59,19.506,33.42,33.28,33.39,33.28,33.36,33.346,3.88,3.81,4.53,21.5,13.02,9.1,8.18,3.26,NM,7,4.84649659,5.779763412,-0.933266821,1.909595169
E3,HP-13,GR,HP,26.61861992,26.65146255,0.046445154,C1,ACTB,18.80438805,18.79362106,0.015228163,02TEF22,A,NVT,Urban,5/15/22,5,Urban,No,19.42,19.4,19.49,19.63,19.59,19.506,33.42,33.28,33.39,33.28,33.36,33.346,3.88,3.81,4.53,21.5,13.02,9.1,8.18,3.26,NM,7,7.85784149,7.707023524,0.150817966,0.900739625
C3,HP-14,MR,HP,24.23956108,24.21679306,0.032200191,C3,ACTB,19.92117882,19.94143486,0.02864637,11SJL22,B,HERT,Rural,5/17/22,10,Rural,No,21.02,20.83,20.72,20.85,20.5,20.784,37.78,38.61,37.76,37.27,38.24,37.932,4.47,4.36,5.62,25.58,12.03,13.51,11.8,3.08,NM,16.4,4.2753582,5.779763412,-1.504405212,2.837076813
E5,HP-14,GR,HP,27.00038147,26.97241211,0.0395533,C3,ACTB,19.92117882,19.94143486,0.02864637,11SJL22,B,HERT,Rural,5/17/22,10,Rural,No,21.02,20.83,20.72,20.85,20.5,20.784,37.78,38.61,37.76,37.27,38.24,37.932,4.47,4.36,5.62,25.58,12.03,13.51,11.8,3.08,NM,16.4,7.03097725,7.707023524,-0.676046274,1.59775508
C5,HP-15,MR,HP,23.74920654,23.85937119,0.155796334,C5,ACTB,18.9574604,18.97138405,0.019691007,04SJL22,A,NVT,Urban,5/19/22,7,Urban,No,18.35,18.17,18.28,18.23,18.29,18.264,25.09,26.5,26.81,26.95,26.89,26.448,4.05,4.07,5.26,12.81,1.49,11.07,3.48,0.35,DSM,13.3,4.88798714,5.779763412,-0.891776272,1.855459192
E7,HP-15,GR,HP,27.16509247,27.1688385,0.005296342,C5,ACTB,18.9574604,18.97138405,0.019691007,04SJL22,A,NVT,Urban,5/19/22,7,Urban,No,18.35,18.17,18.28,18.23,18.29,18.264,25.09,26.5,26.81,26.95,26.89,26.448,4.05,4.07,5.26,12.81,1.49,11.07,3.48,0.35,DSM,13.3,8.19745445,7.707023524,0.490430926,0.711812451
C7,HP-16,MR,HP,24.83524323,24.88361931,0.068414114,C7,ACTB,19.2142067,19.26688194,0.074494049,03IJV22,B,SVT,Urban,5/15/22,7,Urban,No,20.19,20.08,19.94,20.42,19.76,20.078,27.66,27.97,27.24,27.7,27.17,27.548,4.18,4.5,5.48,13.88,2.22,11.91,4.5,NA,NM,15.8,5.61673737,5.779763412,-0.163026042,1.119633099
E9,HP-16,GR,HP,26.00702286,25.99014664,0.023867929,C7,ACTB,19.2142067,19.26688194,0.074494049,03IJV22,B,SVT,Urban,5/15/22,7,Urban,No,20.19,20.08,19.94,20.42,19.76,20.078,27.66,27.97,27.24,27.7,27.17,27.548,4.18,4.5,5.48,13.88,2.22,11.91,4.5,NA,NM,15.8,6.7232647,7.707023524,-0.983758824,1.977611207
C9,HP-17,MR,HP,24.24721146,24.23597336,0.015894419,C9,ACTB,19.0239563,18.98306084,0.057834916,09SJL22,A,STREAM,Rural,5/12/22,5,Rural,No,17.57,17.7,17.27,17.41,17.3,1/17/00,20.73,21.14,21.5,21.74,21.51,21.324,4.13,4.52,4.32,9.93,                    NA,9.93,NA,                    NA,MSP,NA,5.25291252,5.779763412,-0.526850892,1.44078083
E11,HP-17,GR,HP,26.74499321,26.6929245,0.07363493,C9,ACTB,19.0239563,18.98306084,0.057834916,09SJL22,A,STREAM,Rural,5/12/22,5,Rural,No,17.57,17.7,17.27,17.41,17.3,1/17/00,20.73,21.14,21.5,21.74,21.51,21.324,4.13,4.52,4.32,9.93,                    NA,9.93,NA,                    NA,MSP,NA,7.70986366,7.707023524,0.002840136,0.998033304
C11,HP-18,MR,HP,23.95193672,23.96674347,0.020938555,C11,ACTB,18.59157372,18.59963417,0.011399205,02TEF22,B,NVT,Urban,5/15/22,5,Urban,No,15.56,15.63,15.22,14.85,15.05,15.262,17.62,18.71,17.26,17.21,17.98,17.756,3.9,3.25,4.13,6.61,0.32,6.25,NA,NA,DSM,9.3,5.3671093,5.779763412,-0.412654112,1.331132434
F1,HP-18,GR,HP,26.45390129,26.43608856,0.025189655,C11,ACTB,18.59157372,18.59963417,0.011399205,02TEF22,B,NVT,Urban,5/15/22,5,Urban,No,15.56,15.63,15.22,14.85,15.05,15.262,17.62,18.71,17.26,17.21,17.98,17.756,3.9,3.25,4.13,6.61,0.32,6.25,NA,NA,DSM,9.3,7.83645439,7.707023524,0.129430866,0.914192022
D1,HP-19,MR,HP,23.31204414,23.28834534,0.033516523,D1,ACTB,18.62681961,18.5575943,0.097900726,01IJV22,B,SVT,Urban,5/15/22,5,Urban,No,18.2,18.09,18.22,17.86,17.85,18.044,22.4,22.1,22.12,22.17,22.4,22.238,3.96,3.92,4.86,9.72,0,9.72,3.49,0.88,DSM,11.9,4.73075104,5.779763412,-1.049012372,2.069112906
F3,HP-19,GR,HP,26.21635628,26.24848557,0.045437675,D1,ACTB,18.62681961,18.5575943,0.097900726,01IJV22,B,SVT,Urban,5/15/22,5,Urban,No,18.2,18.09,18.22,17.86,17.85,18.044,22.4,22.1,22.12,22.17,22.4,22.238,3.96,3.92,4.86,9.72,0,9.72,3.49,0.88,DSM,11.9,7.69089127,7.707023524,-0.016132254,1.011244779
A3,HP-2,MR,HP,23.12913132,23.15252304,0.033079546,A3,ACTB,18.63361931,18.65807152,0.034580648,33SJL22,A,STREAM,Rural,6/30/22,7,Rural,No,20.69,20.47,19.99,20.32,20.37,20.368,30.32,30.01,30.19,30.48,29.82,30.164,4.08,3.8,4.2,15.97,3.07,13.65,7,0.94,NM,14.6,4.49445152,5.779763412,-1.285311892,2.437347393
C5,HP-2,GR,HP,26.16217995,26.18675613,0.03475463,A3,ACTB,18.63361931,18.65807152,0.034580648,33SJL22,A,STREAM,Rural,6/30/22,7,Rural,No,20.69,20.47,19.99,20.32,20.37,20.368,30.32,30.01,30.19,30.48,29.82,30.164,4.08,3.8,4.2,15.97,3.07,13.65,7,0.94,NM,14.6,7.52868461,7.707023524,-0.178338914,1.131580259
D3,HP-20,MR,HP,24.1046772,24.06539154,0.055559661,D3,ACTB,18.91386414,18.91671371,0.004028564,19IJV22,B,NVT,Urban,5/17/22,9,Urban,No,19.04,18.66,18.71,18.94,18.84,18.838,34.55,34.66,34.02,34.19,34.19,34.322,5.32,4.31,6.11,23.26,11.72,12.68,6.92,4.43,DSM,12.2,5.14867783,5.779763412,-0.631085582,1.548729925
F5,HP-20,GR,HP,26.10774612,26.03954506,0.096450873,D3,ACTB,18.91386414,18.91671371,0.004028564,19IJV22,B,NVT,Urban,5/17/22,9,Urban,No,19.04,18.66,18.71,18.94,18.84,18.838,34.55,34.66,34.02,34.19,34.19,34.322,5.32,4.31,6.11,23.26,11.72,12.68,6.92,4.43,DSM,12.2,7.12283135,7.707023524,-0.584192174,1.499199289
D5,HP-21,MR,HP,24.46399498,24.5734024,0.154726818,D5,ACTB,19.35890579,19.40356636,0.063159585,11SJL22,A,HERT,Rural,5/17/22,10,Rural,No,20.51,20.27,20.16,20.21,20.41,20.312,38.88,37.49,36.97,37.24,37.68,37.652,5.2,4.69,5.74,25.72,13.97,11.92,11.3,3.21,DSM,14.8,5.16983604,5.779763412,-0.609927372,1.526182376
E7,HP-21,GR,HP,26.51434135,26.47747993,0.052129921,D5,ACTB,19.35890579,19.40356636,0.063159585,11SJL22,A,HERT,Rural,5/17/22,10,Rural,No,20.51,20.27,20.16,20.21,20.41,20.312,38.88,37.49,36.97,37.24,37.68,37.652,5.2,4.69,5.74,25.72,13.97,11.92,11.3,3.21,DSM,14.8,7.07391357,7.707023524,-0.633109954,1.550904609
D7,HP-22,MR,HP,24.72253227,24.85256004,0.183887035,D7,ACTB,18.98386002,19.02614784,0.059804019,07TEF22,A,STREAM,Rural,5/12/22,5,Rural,No,14.76,15.04,15.19,14.68,14.8,14.894,16.53,15.81,16.45,16.42,16.55,16.352,3.85,3.19,4.57,6.51,NA,NA,1.76,NA,NM,NA,5.8264122,5.779763412,0.046648788,0.968182694
E9,HP-22,GR,HP,27.87613678,27.80040741,0.107098848,D7,ACTB,18.98386002,19.02614784,0.059804019,07TEF22,A,STREAM,Rural,5/12/22,5,Rural,No,14.76,15.04,15.19,14.68,14.8,14.894,16.53,15.81,16.45,16.42,16.55,16.352,3.85,3.19,4.57,6.51,NA,NA,1.76,NA,NM,NA,8.77425957,7.707023524,1.067236046,0.477232418
D9,HP-23,MR,HP,25.35082817,25.46085739,0.155606166,D9,ACTB,19.40370178,19.38563156,0.025555152,09SJL22,B,STREAM,Rural,5/12/22,5,Rural,No,19.85,19.38,18.87,18.31,18.89,1/19/00,22.04,22.16,21.65,22.37,22.1,22.064,4.18,4.3,4.49,9.32,                    NA,9.32,NA,                    NA,MSP,NA,6.07522583,5.779763412,0.295462419,0.814811124
F11,HP-23,GR,HP,27.00659943,26.9921627,0.020416608,D9,ACTB,19.40370178,19.38563156,0.025555152,09SJL22,B,STREAM,Rural,5/12/22,5,Rural,No,19.85,19.38,18.87,18.31,18.89,1/19/00,22.04,22.16,21.65,22.37,22.1,22.064,4.18,4.3,4.49,9.32,                    NA,9.32,NA,                    NA,MSP,NA,7.60653114,7.707023524,-0.100492384,1.072139315
D11,HP-24,MR,HP,24.95530701,25.03165627,0.107974157,D11,ACTB,19.44632339,19.43909454,0.010221791,33SJL22,B,STREAM,Rural,6/30/22,7,Rural,No,19.31,19.32,19.55,19.73,19.35,19.452,32.01,32.88,32.25,32.88,32.36,32.476,4.31,4.5,4.6,17.06,4.27,12.98,7.07,1.23,MSP,17.3,5.59256173,5.779763412,-0.187201682,1.138553182
G1,HP-24,GR,HP,28.25380898,28.2530632,0.001056031,D11,ACTB,19.44632339,19.43909454,0.010221791,33SJL22,B,STREAM,Rural,6/30/22,7,Rural,No,19.31,19.32,19.55,19.73,19.35,19.452,32.01,32.88,32.25,32.88,32.36,32.476,4.31,4.5,4.6,17.06,4.27,12.98,7.07,1.23,MSP,17.3,8.81396866,7.707023524,1.106945136,0.464276082
E1,HP-25,MR,HP,24.7105751,24.63021088,0.113650829,E1,ACTB,19.63928604,19.56232262,0.108842716,01JAG22,A,STREAM,Rural,5/16/22,10,Rural,No,22.45,22.54,22.57,22.03,22.29,22.376,41.26,40.78,41.47,41.53,40.86,41.18,4.32,5.67,6.15,26.17,14.9,12.58,10.88,2.17,NM,15.4,5.06788826,5.779763412,-0.711875152,1.637931646
E11,HP-25,GR,HP,26.55106544,26.58085632,0.042130664,E1,ACTB,19.63928604,19.56232262,0.108842716,01JAG22,A,STREAM,Rural,5/16/22,10,Rural,No,22.45,22.54,22.57,22.03,22.29,22.376,41.26,40.78,41.47,41.53,40.86,41.18,4.32,5.67,6.15,26.17,14.9,12.58,10.88,2.17,NM,15.4,7.0185337,7.707023524,-0.688489824,1.611595658
E3,HP-26,MR,HP,25.17048264,25.11010551,0.085386142,E3,ACTB,19.00656509,18.96741486,0.055368148,14IJV22,A,NVT,Urban,5/15/22,7,Urban,No,17.16,17.26,17.09,17.35,17.4,17.252,21.52,21.92,21.88,21.19,21.59,21.62,4.25,3.65,4.29,10.29,0.54,9.6,3.14,0.84,DSM,9.6,6.14269065,5.779763412,0.362927238,0.777585252
G5,HP-26,GR,HP,25.9489727,25.94963837,0.000941392,E3,ACTB,19.00656509,18.96741486,0.055368148,14IJV22,A,NVT,Urban,5/15/22,7,Urban,No,17.16,17.26,17.09,17.35,17.4,17.252,21.52,21.92,21.88,21.19,21.59,21.62,4.25,3.65,4.29,10.29,0.54,9.6,3.14,0.84,DSM,9.6,6.98222351,7.707023524,-0.724800014,1.652671528
E5,HP-27,MR,HP,24.53821182,24.52674484,0.01621541,E5,ACTB,18.94677734,18.91271973,0.048164744,03IJV22,A,SVT,Urban,5/15/22,7,Urban,No,17.78,17.96,17.77,17.22,16.96,17.538,22.95,23.04,23.3,23.28,23.13,23.14,4.34,4.31,4.91,9.17,0.16,9,5.17,0.05,DSM,12.8,5.61402511,5.779763412,-0.165738302,1.121739983
G7,HP-27,GR,HP,25.44626045,25.41670609,0.041796185,E5,ACTB,18.94677734,18.91271973,0.048164744,03IJV22,A,SVT,Urban,5/15/22,7,Urban,No,17.78,17.96,17.77,17.22,16.96,17.538,22.95,23.04,23.3,23.28,23.13,23.14,4.34,4.31,4.91,9.17,0.16,9,5.17,0.05,DSM,12.8,6.50398636,7.707023524,-1.203037164,2.302238288
E7,HP-28,MR,HP,24.9509697,25.0400486,0.125976592,E7,ACTB,19.13234329,19.1857872,0.075581104,14IJV22,B,NVT,Urban,5/15/22,7,Urban,No,17.74,17.35,17.49,17.77,17.74,17.618,23.73,23.81,23.52,23.97,23.82,23.77,4.47,4.17,4.82,11.11,0,11.11,3.43,0.58,DSM,12.1,5.8542614,5.779763412,0.074497988,0.949672519
G9,HP-28,GR,HP,26.28650284,26.32526398,0.054815181,E7,ACTB,19.13234329,19.1857872,0.075581104,14IJV22,B,NVT,Urban,5/15/22,7,Urban,No,17.74,17.35,17.49,17.77,17.74,17.618,23.73,23.81,23.52,23.97,23.82,23.77,4.47,4.17,4.82,11.11,0,11.11,3.43,0.58,DSM,12.1,7.13947678,7.707023524,-0.567546744,1.482001332
F5,HP-29,MR,HP,26.09892082,26.15059471,0.073077917,E9,ACTB,18.69285011,18.62555313,0.095172301,13IJV22,B,RAD,Urban.BHCO,5/20/22,5,Urban,Yes,17.59,17.24,16.93,16.59,16.32,16.934,19.71,19.22,19.3,19.27,18.18,19.136,5.98,4.52,6.16,7.15,0.36,6.8,2.44,0,DSM,10.4,7.52504158,5.779763412,1.745278169,0.298276419
G11,HP-29,GR,HP,24.99584961,25.03394318,0.053871091,E9,ACTB,18.69285011,18.62555313,0.095172301,13IJV22,B,RAD,Urban.BHCO,5/20/22,5,Urban,Yes,17.59,17.24,16.93,16.59,16.32,16.934,19.71,19.22,19.3,19.27,18.18,19.136,5.98,4.52,6.16,7.15,0.36,6.8,2.44,0,DSM,10.4,6.40839005,7.707023524,-1.298633474,2.459957642
A5,HP-3,MR,HP,24.1901989,24.3348732,0.204600364,A5,ACTB,19.17790031,19.22760391,0.070292853,19IJV22,A,NVT,Urban,5/17/22,9,Urban,No,17.03,16.33,16.91,17.06,16.81,16.828,27.78,26.78,26.54,26.43,26.53,26.812,4.01,3.93,4.52,13.66,6.5,8.52,3.43,2.97,DSM,7.9,5.10726929,5.779763412,-0.672494121,1.593825983
C7,HP-3,GR,HP,24.83578491,24.83209038,0.005224861,A5,ACTB,19.17790031,19.22760391,0.070292853,19IJV22,A,NVT,Urban,5/17/22,9,Urban,No,17.03,16.33,16.91,17.06,16.81,16.828,27.78,26.78,26.54,26.43,26.53,26.812,4.01,3.93,4.52,13.66,6.5,8.52,3.43,2.97,DSM,7.9,5.60448647,7.707023524,-2.102537054,4.29463956
E11,HP-30,MR,HP,23.53969574,23.49782944,0.059207894,E11,ACTB,18.38245201,18.40704727,0.03478295,17IJV22,B,NVT,Urban.BHCO,5/12/22,6,Urban,Yes,17.47,17.93,17.75,17.61,17.34,17.62,23.47,23.19,23.52,22.86,23.11,23.23,4.12,4.38,4.68,11.11,NA,NA,3.78,NA,NM,NA,5.09078217,5.779763412,-0.688981242,1.612144701
H1,HP-30,GR,HP,26.23080444,26.09997559,0.18501994,E11,ACTB,18.38245201,18.40704727,0.03478295,17IJV22,B,NVT,Urban.BHCO,5/12/22,6,Urban,Yes,17.47,17.93,17.75,17.61,17.34,17.62,23.47,23.19,23.52,22.86,23.11,23.23,4.12,4.38,4.68,11.11,NA,NA,3.78,NA,NM,NA,7.69292832,7.707023524,-0.014095204,1.009817934
F1,HP-31,MR,HP,24.37434196,24.35998154,0.020307364,F1,ACTB,18.88258362,18.87760353,0.007042907,13IJV22,A,RAD,Urban.BHCO,5/20/22,5,Urban,Yes,15.01,14.39,14.58,15.03,15.33,14.868,15.98,15.41,15.66,15.72,16.16,15.786,3.16,3.72,3.45,5.31,NA,NA,2.18,NA,NM,9.4,5.48237801,5.779763412,-0.297385401,1.228915229
H3,HP-31,GR,HP,26.22423935,26.19389534,0.042912908,F1,ACTB,18.88258362,18.87760353,0.007042907,13IJV22,A,RAD,Urban.BHCO,5/20/22,5,Urban,Yes,15.01,14.39,14.58,15.03,15.33,14.868,15.98,15.41,15.66,15.72,16.16,15.786,3.16,3.72,3.45,5.31,NA,NA,2.18,NA,NM,9.4,7.31629181,7.707023524,-0.390731714,1.311058185
F3,HP-32,MR,HP,24.50894356,24.57034492,0.086834647,F3,ACTB,18.62990189,18.75066757,0.170789823,12TEF22,A,SVT,Urban.BHCO,6/15/22,6,Urban,Yes,17.72,17.86,17.86,17.79,17.54,17.754,23.14,23.68,23.57,24.4,24.08,23.774,4.18,4.25,4.78,11.77,0.38,10.97,3.39,1.47,DSM,12,5.81967735,5.779763412,0.039913938,0.972712971
H5,HP-32,GR,HP,25.32632637,25.29598236,0.042912908,F3,ACTB,18.62990189,18.75066757,0.170789823,12TEF22,A,SVT,Urban.BHCO,6/15/22,6,Urban,Yes,17.72,17.86,17.86,17.79,17.54,17.754,23.14,23.68,23.57,24.4,24.08,23.774,4.18,4.25,4.78,11.77,0.38,10.97,3.39,1.47,DSM,12,6.54531479,7.707023524,-1.161708734,2.237222483
F5,HP-33,MR,HP,25.30613518,25.23192215,0.104951724,F5,ACTB,19.55932045,19.64058304,0.114922658,04CMT22,C,SVT,Urban.BHCO,6/21/22,9,Urban,Yes,20.01,20.22,20.24,20.23,20.18,20.176,35.93,35.6,35.33,35.63,34.92,35.482,5.36,4.85,5.55,22.73,10.72,11.74,9.79,3.28,DSM,15.1,5.59133911,5.779763412,-0.188424302,1.139518464
H7,HP-33,GR,HP,25.8528595,25.8502121,0.003745337,F5,ACTB,19.55932045,19.64058304,0.114922658,04CMT22,C,SVT,Urban.BHCO,6/21/22,9,Urban,Yes,20.01,20.22,20.24,20.23,20.18,20.176,35.93,35.6,35.33,35.63,34.92,35.482,5.36,4.85,5.55,22.73,10.72,11.74,9.79,3.28,DSM,15.1,6.20962906,7.707023524,-1.497394464,2.823323539
F7,HP-34,MR,HP,23.74194908,23.69137764,0.071518816,F7,ACTB,18.54638863,18.51065063,0.050541151,21SJL22,A,SVT,Urban.BHCO,6/19/22,9,Urban,Yes,21.37,20.87,21.37,20.86,20.97,21.088,34.27,32.05,32.45,31.55,31.59,32.382,4.59,3.88,5.42,20.21,5.4,13.92,5.5,1.98,DSM,12.4,5.18072701,5.779763412,-0.599036402,1.514704534
H9,HP-34,GR,HP,26.56277466,26.59120178,0.040203374,F7,ACTB,18.54638863,18.51065063,0.050541151,21SJL22,A,SVT,Urban.BHCO,6/19/22,9,Urban,Yes,21.37,20.87,21.37,20.86,20.97,21.088,34.27,32.05,32.45,31.55,31.59,32.382,4.59,3.88,5.42,20.21,5.4,13.92,5.5,1.98,DSM,12.4,8.08055115,7.707023524,0.373527626,0.771892783
F9,HP-35,MR,HP,25.54722214,25.5034256,0.06193766,F9,ACTB,20.02194214,20.00985718,0.017090715,22IJV22,B,RAD,Urban.BHCO,6/12/22,9,Urban,Yes,20.41,20.64,20.64,20.34,20.44,20.494,38.7,37.93,38.48,38.4,38.9,38.482,5.56,4.28,6.63,24.39,14.31,9.42,10.67,7.29,DSM,14.6,5.49356842,5.779763412,-0.286194992,1.219419897
A3,HP-35,GR,HP,27.70960426,27.81840706,0.153870389,F9,ACTB,20.02194214,20.00985718,0.017090715,22IJV22,B,RAD,Urban.BHCO,6/12/22,9,Urban,Yes,20.41,20.64,20.64,20.34,20.44,20.494,38.7,37.93,38.48,38.4,38.9,38.482,5.56,4.28,6.63,24.39,14.31,9.42,10.67,7.29,DSM,14.6,7.80854988,7.707023524,0.101526356,0.932046375
F11,HP-36,MR,HP,24.97081757,25.04938126,0.111104488,F11,ACTB,19.36293221,19.34840012,0.020550128,09CMT22,B,NVT,Urban.BHCO,6/30/22,6,Urban,Yes,19.39,19.77,19.29,19.65,19.34,19.488,26.89,27.59,26.94,26.86,27.64,27.184,4.61,4.14,5.06,15.66,1.46,13.51,5.42,0.52,NM,14,5.70098114,5.779763412,-0.078782272,1.056126225
A1,HP-36,GR,HP,28.5874939,28.02648544,0.793385744,F11,ACTB,19.36293221,19.34840012,0.020550128,09CMT22,B,NVT,Urban.BHCO,6/30/22,6,Urban,Yes,19.39,19.77,19.29,19.65,19.34,19.488,26.89,27.59,26.94,26.86,27.64,27.184,4.61,4.14,5.06,15.66,1.46,13.51,5.42,0.52,NM,14,8.67808532,7.707023524,0.971061796,0.510130478
G1,HP-37,MR,HP,26.42835045,26.42967606,0.001873343,G1,ACTB,19.99155235,19.9699192,0.030593891,22TEF22,B,RAD,Urban,7/2/22,6,Urban,No,20.6,19.56,19.37,20.04,19.58,19.83,25.54,25.1,25.18,25.63,25.51,25.392,4.61,3.69,4.49,11.89,0.57,11.39,3.64,NA,NM,13.5,6.45975686,5.779763412,0.679993448,0.624168109
A3,HP-37,GR,HP,29.48822784,29.50610352,0.025281366,G1,ACTB,19.99155235,19.9699192,0.030593891,22TEF22,B,RAD,Urban,7/2/22,6,Urban,No,20.6,19.56,19.37,20.04,19.58,19.83,25.54,25.1,25.18,25.63,25.51,25.392,4.61,3.69,4.49,11.89,0.57,11.39,3.64,NA,NM,13.5,9.53618432,7.707023524,1.829160796,0.281428278
G3,HP-38,MR,HP,24.65798759,24.61604309,0.059319835,G3,ACTB,19.41265297,19.37043953,0.05969882,04CMT22,A,SVT,Urban.BHCO,6/21/22,9,Urban,Yes,16.41,16.06,16.29,16.32,16.34,16.284,22.97,23.26,22.94,23.24,23.2,23.122,4.52,3.71,5.27,11.68,3.71,8.9,1.64,0.75,DSM,6.4,5.24560356,5.779763412,-0.534159851,1.448098614
A5,HP-38,GR,HP,27.85715675,27.72478867,0.187196747,G3,ACTB,19.41265297,19.37043953,0.05969882,04CMT22,A,SVT,Urban.BHCO,6/21/22,9,Urban,Yes,16.41,16.06,16.29,16.32,16.34,16.284,22.97,23.26,22.94,23.24,23.2,23.122,4.52,3.71,5.27,11.68,3.71,8.9,1.64,0.75,DSM,6.4,8.35434914,7.707023524,0.647325616,0.638462762
G5,HP-39,MR,HP,24.80485153,24.82368851,0.026638158,G5,ACTB,18.82076073,18.80041885,0.028769102,22TEF22,A,RAD,Urban,7/2/22,6,Urban,No,18.51,18.56,18.37,18.44,18.39,18.454,24.09,24.28,23.92,23.75,23.95,23.998,4.11,3.82,4.49,11.47,NA,NA,4.06,NA,NM,13.7,6.02326966,5.779763412,0.243506249,0.844689927
A7,HP-39,GR,HP,26.72629738,26.6951828,0.04400266,G5,ACTB,18.82076073,18.80041885,0.028769102,22TEF22,A,RAD,Urban,7/2/22,6,Urban,No,18.51,18.56,18.37,18.44,18.39,18.454,24.09,24.28,23.92,23.75,23.95,23.998,4.11,3.82,4.49,11.47,NA,NA,4.06,NA,NM,13.7,7.89476395,7.707023524,0.187740426,0.877979752
A7,HP-4,MR,HP,23.35048294,23.4627285,0.158739194,A7,ACTB,19.26504707,19.25057983,0.020461114,17SJL22,A,SVT,Urban.BHCO,5/23/22,10,Urban,Yes,22.22,22.35,21.93,21.87,21.79,22.032,38.23,37.49,38.42,38.35,37.31,37.96,5.08,4.98,7.23,25.4,15,10.51,13.27,5.43,DSM,16.4,4.21214867,5.779763412,-1.567614742,2.964142367
C9,HP-4,GR,HP,26.98891068,27.06755447,0.111219131,A7,ACTB,19.26504707,19.25057983,0.020461114,17SJL22,A,SVT,Urban.BHCO,5/23/22,10,Urban,Yes,22.22,22.35,21.93,21.87,21.79,22.032,38.23,37.49,38.42,38.35,37.31,37.96,5.08,4.98,7.23,25.4,15,10.51,13.27,5.43,DSM,16.4,7.81697464,7.707023524,0.109951116,0.926619459
G7,HP-40,MR,HP,24.4386673,24.37255096,0.093503967,G7,ACTB,19.38032532,19.34857559,0.044899542,20TEF22,B,KENT,Rural,6/11/22,9,Rural,No,21.65,21.33,21.22,21.84,21.65,21.538,37.39,37.27,37.28,37.61,37.69,37.448,5.26,4.56,5.69,23.91,11.26,12.54,9.29,2.32,NM,16.3,5.02397537,5.779763412,-0.755788041,1.688553677
A9,HP-40,GR,HP,28.38260269,28.33196831,0.071607836,G7,ACTB,19.38032532,19.34857559,0.044899542,20TEF22,B,KENT,Rural,6/11/22,9,Rural,No,21.65,21.33,21.22,21.84,21.65,21.538,37.39,37.27,37.28,37.61,37.69,37.448,5.26,4.56,5.69,23.91,11.26,12.54,9.29,2.32,NM,16.3,8.98339272,7.707023524,1.276369196,0.412833172
F7,HP-41,MR,HP,26.28912354,26.27119446,0.025355544,G9,ACTB,19.21985626,19.22205353,0.003106054,27SJL22,A,SVT,Urban,7/7/24,6,Urban,Yes,18.77,18.79,18.52,18.98,18.21,18.654,28.05,28.27,27.88,27.86,27.99,28.01,5.61,4.36,5.21,14.12,1.29,12.87,5.33,0.56,DSM,15.9,7.04914093,5.779763412,1.269377519,0.414838725
A7,HP-41,GR,HP,26.88226891,26.79828835,0.118766449,G9,ACTB,19.21985626,19.22205353,0.003106054,27SJL22,A,SVT,Urban,7/7/24,6,Urban,Yes,18.77,18.79,18.52,18.98,18.21,18.654,28.05,28.27,27.88,27.86,27.99,28.01,5.61,4.36,5.21,14.12,1.29,12.87,5.33,0.56,DSM,15.9,7.57623482,7.707023524,-0.130788704,1.094892102
G11,HP-42,MR,HP,25.48665619,25.52269745,0.050970037,G11,ACTB,20.45514297,20.50971985,0.077183358,11TEF22,B,SVT,Urban,6/11/22,9,Urban,No,20.71,19.76,19.68,19.78,19.84,19.954,32.68,32.61,32.35,32.49,32.53,32.532,4.29,4.53,4.48,17.5,4.36,13.1,7.1,1.39,MSP,13.3,5.0129776,5.779763412,-0.766785812,1.701474832
B1,HP-42,GR,HP,29.7448082,29.73783684,0.009858991,G11,ACTB,20.45514297,20.50971985,0.077183358,11TEF22,B,SVT,Urban,6/11/22,9,Urban,No,20.71,19.76,19.68,19.78,19.84,19.954,32.68,32.61,32.35,32.49,32.53,32.532,4.29,4.53,4.48,17.5,4.36,13.1,7.1,1.39,MSP,13.3,9.22811699,7.707023524,1.521093466,0.348421736
H1,HP-43,MR,HP,24.58008003,24.5793972,0.000965669,H1,ACTB,19.04347992,19.0182457,0.03568523,20TEF22,A,KENT,Rural,6/11/22,9,Rural,No,21.9,21.65,22.07,21.83,21.72,21.834,38.52,39.05,38.98,38.75,38.53,38.766,5.67,4.43,5.86,25.41,15.05,12.24,13.52,4.65,DSM,17.5,5.5611515,5.779763412,-0.218611912,1.163613477
B3,HP-43,GR,HP,25.62671089,25.79584312,0.239189103,H1,ACTB,19.04347992,19.0182457,0.03568523,20TEF22,A,KENT,Rural,6/11/22,9,Rural,No,21.9,21.65,22.07,21.83,21.72,21.834,38.52,39.05,38.98,38.75,38.53,38.766,5.67,4.43,5.86,25.41,15.05,12.24,13.52,4.65,DSM,17.5,6.77759742,7.707023524,-0.929426104,1.904518239
H3,HP-44,MR,HP,24.90911865,24.89035606,0.026534308,H3,ACTB,18.22718048,18.19133759,0.050690856,13SJL22,B,STREAM,Rural,6/9/22,6,Rural,No,17.75,18.09,18.34,18.06,17.98,18.044,21.22,20.7,20.59,20.77,20.85,20.826,3.65,3.71,4.21,8.13,NA,NA,2.82,NA,NM,11.6,6.69901847,5.779763412,0.919255058,0.528781989
B5,HP-44,GR,HP,26.27625275,26.1306076,0.205973327,H3,ACTB,18.22718048,18.19133759,0.050690856,13SJL22,B,STREAM,Rural,6/9/22,6,Rural,No,17.75,18.09,18.34,18.06,17.98,18.044,21.22,20.7,20.59,20.77,20.85,20.826,3.65,3.71,4.21,8.13,NA,NA,2.82,NA,NM,11.6,7.93927001,7.707023524,0.232246486,0.851308248
H5,HP-45,MR,HP,25.97490883,26.01535416,0.057199679,H5,ACTB,19.43477631,19.39290428,0.059215985,18SJL22,A,SVT,Urban.BHCO,6/18/22,9,Urban,Yes,20.8,20.45,20.55,20.28,20.38,20.492,35.13,35.24,35.48,35.4,35.06,35.262,5.06,3.98,6.18,21.55,15.75,6.65,9.67,4.2,DSM,14.5,6.62244988,5.779763412,0.842686469,0.557604277
B7,HP-45,GR,HP,27.0415287,27.03052902,0.015555896,H5,ACTB,19.43477631,19.39290428,0.059215985,18SJL22,A,SVT,Urban.BHCO,6/18/22,9,Urban,Yes,20.8,20.45,20.55,20.28,20.38,20.492,35.13,35.24,35.48,35.4,35.06,35.262,5.06,3.98,6.18,21.55,15.75,6.65,9.67,4.2,DSM,14.5,7.63762474,7.707023524,-0.069398784,1.049279325
H7,HP-46,MR,HP,24.99244881,25.07590866,0.118030056,H7,ACTB,18.83279419,18.79921722,0.04748635,33IJV22,A,STREAM,Rural,6/17/22,6,Rural,No,20.66,20.54,20.47,20.87,20.65,20.638,24.34,24.45,25.01,24.65,24.99,24.688,4.25,3.82,5.24,12.74,0.68,11.8,3.48,1.32,DSM,12.3,6.27669144,5.779763412,0.496928029,0.708614048
B9,HP-46,GR,HP,25.75945854,25.79839325,0.055061992,H7,ACTB,18.83279419,18.79921722,0.04748635,33IJV22,A,STREAM,Rural,6/17/22,6,Rural,No,20.66,20.54,20.47,20.87,20.65,20.638,24.34,24.45,25.01,24.65,24.99,24.688,4.25,3.82,5.24,12.74,0.68,11.8,3.48,1.32,DSM,12.3,6.99917603,7.707023524,-0.707847494,1.633365312
H9,HP-47,MR,HP,24.32782936,24.32036972,0.010550873,H9,ACTB,18.93305016,18.94045258,0.010467255,33IJV22,B,STREAM,Rural,6/17/22,6,Rural,No,20.88,21.14,20.63,20.7,20.78,20.826,28.96,28.68,28.66,29.08,29.02,28.88,4.87,3.77,5.66,14.19,1.29,13.56,3.8,1.02,DSM,16.8,5.37991714,5.779763412,-0.399846272,1.319367316
B11,HP-47,GR,HP,27.54404831,27.42047501,0.174760386,H9,ACTB,18.93305016,18.94045258,0.010467255,33IJV22,B,STREAM,Rural,6/17/22,6,Rural,No,20.88,21.14,20.63,20.7,20.78,20.826,28.96,28.68,28.66,29.08,29.02,28.88,4.87,3.77,5.66,14.19,1.29,13.56,3.8,1.02,DSM,16.8,8.48002243,7.707023524,0.772998906,0.585199764
H11,HP-48,MR,HP,24.55138016,24.54447556,0.00976593,H11,ACTB,19.52845192,19.53543854,0.009881918,11TEF22,A,SVT,Urban,6/11/22,9,Urban,No,19.74,19.02,19.26,19.71,19.03,19.352,31.08,30.26,31.11,30.43,30.67,30.71,4.14,4.21,5.43,18.33,5.69,12.62,5.52,1.35,NM,10.9,5.00903702,5.779763412,-0.770726392,1.706128597
A9,HP-48,GR,HP,26.75495529,26.78121376,0.037135083,H11,ACTB,19.52845192,19.53543854,0.009881918,11TEF22,A,SVT,Urban,6/11/22,9,Urban,No,19.74,19.02,19.26,19.71,19.03,19.352,31.08,30.26,31.11,30.43,30.67,30.71,4.14,4.21,5.43,18.33,5.69,12.62,5.52,1.35,NM,10.9,7.24577522,7.707023524,-0.461248304,1.376732532
A1,HP-49,MR,HP,24.98673058,24.9814949,0.007405707,A1,ACTB,19.18672371,19.20432281,0.024887545,22IJV22,A,RAD,Urban.BHCO,6/12/22,9,Urban,Yes,19.84,19.33,19.23,19.82,19.41,19.526,36.79,36.63,36.84,36.74,36.74,36.748,4.65,4.51,4.7,21.8,10.74,12.69,7.86,2.4,NM,12.9,5.77717209,5.779763412,-0.002591321,1.001797781
A11,HP-49,GR,HP,26.94410324,27.02507401,0.114508607,A1,ACTB,19.18672371,19.20432281,0.024887545,22IJV22,A,RAD,Urban.BHCO,6/12/22,9,Urban,Yes,19.84,19.33,19.23,19.82,19.41,19.526,36.79,36.63,36.84,36.74,36.74,36.748,4.65,4.51,4.7,21.8,10.74,12.69,7.86,2.4,NM,12.9,7.8207512,7.707023524,0.113727676,0.924197008
A9,HP-5,MR,HP,24.89127922,24.86681175,0.034602225,A9,ACTB,19.09483528,19.11712837,0.031527191,01IJV22,A,SVT,Urban,5/15/22,5,Urban,No,16.28,16.37,15.52,15.67,15.5,15.868,18.84,18.87,19.43,18.79,19.36,19.058,3.87,3.35,4.34,8.02,0.3,7.77,2.49,0.64,DSM,9.9,5.74968338,5.779763412,-0.030080031,1.021068767
C11,HP-5,GR,HP,27.09318352,27.23512077,0.200729594,A9,ACTB,19.09483528,19.11712837,0.031527191,01IJV22,A,SVT,Urban,5/15/22,5,Urban,No,16.28,16.37,15.52,15.67,15.5,15.868,18.84,18.87,19.43,18.79,19.36,19.058,3.87,3.35,4.34,8.02,0.3,7.77,2.49,0.64,DSM,9.9,8.1179924,7.707023524,0.410968876,0.752118101
A3,HP-50,MR,HP,25.70239639,25.686203,0.022900911,A3,ACTB,18.84665298,18.84734726,0.000980504,03CMT22,B,RAD,Urban,6/5/22,6,Urban,No,18.73,18.41,18.29,17.77,18.56,18.352,25.09,24.73,24.48,25.24,25.17,24.942,3.62,4.06,4.39,12.6,1.06,11.52,4.31,NA,NM,12.9,6.83885574,5.779763412,1.059092329,0.479933915
C5,HP-50,GR,HP,26.21619987,26.09465218,0.171894401,A3,ACTB,18.84665298,18.84734726,0.000980504,03CMT22,B,RAD,Urban,6/5/22,6,Urban,No,18.73,18.41,18.29,17.77,18.56,18.352,25.09,24.73,24.48,25.24,25.17,24.942,3.62,4.06,4.39,12.6,1.06,11.52,4.31,NA,NM,12.9,7.24730492,7.707023524,-0.459718604,1.375273546
A5,HP-51,MR,HP,25.41455078,25.35228348,0.088060617,A5,ACTB,18.68806076,18.79878998,0.156593412,23IJV22,B,STREAM,Rural,6/9/22,6,Rural,No,19.25,19.38,19.2,18.99,18.95,19.154,25.99,26.23,26.15,25.88,26.5,26.15,4.68,4.01,5.91,12.76,0.25,12.57,3.79,1.07,DSM,5.1,6.5534935,5.779763412,0.773730089,0.58490325
C7,HP-51,GR,HP,27.01450539,27.0063591,0.011519239,A5,ACTB,18.68806076,18.79878998,0.156593412,23IJV22,B,STREAM,Rural,6/9/22,6,Rural,No,19.25,19.38,19.2,18.99,18.95,19.154,25.99,26.23,26.15,25.88,26.5,26.15,4.68,4.01,5.91,12.76,0.25,12.57,3.79,1.07,DSM,5.1,8.20756912,7.707023524,0.500545596,0.706839419
A7,HP-52,MR,HP,24.90871429,24.86976051,0.055088967,A7,ACTB,18.29167557,18.27337265,0.025884233,17TEF22,B,STREAM,Rural,6/4/22,6,Rural,No,20.33,20.3,20.96,20.18,20.37,20.428,24.43,24.5,23.82,23.8,23.85,24.08,4.06,4.17,3.94,10.51,0.3,10.08,3.78,1.22,DSM,11.3,6.59638786,5.779763412,0.816624449,0.567768829
C9,HP-52,GR,HP,26.05379105,25.98839569,0.092484348,A7,ACTB,18.29167557,18.27337265,0.025884233,17TEF22,B,STREAM,Rural,6/4/22,6,Rural,No,20.33,20.3,20.96,20.18,20.37,20.428,24.43,24.5,23.82,23.8,23.85,24.08,4.06,4.17,3.94,10.51,0.3,10.08,3.78,1.22,DSM,11.3,7.71502304,7.707023524,0.007999516,0.994470502
A9,HP-53,MR,HP,24.66905022,24.62792778,0.058155909,A9,ACTB,18.46993828,18.38837051,0.115352891,03CMT22,A,RAD,Urban,6/5/22,6,Urban,No,19.4,18.83,19.06,18.65,18.71,18.93,26.29,25.91,26.02,25.5,25.34,25.812,3.73,3.79,4.82,13.16,0.58,12.44,4.13,0.33,DSM,13.6,6.23955727,5.779763412,0.459793858,0.727090143
C11,HP-53,GR,HP,26.86898613,26.96603966,0.137254417,A9,ACTB,18.46993828,18.38837051,0.115352891,03CMT22,A,RAD,Urban,6/5/22,6,Urban,No,19.4,18.83,19.06,18.65,18.71,18.93,26.29,25.91,26.02,25.5,25.34,25.812,3.73,3.79,4.82,13.16,0.58,12.44,4.13,0.33,DSM,13.6,8.57766915,7.707023524,0.870645626,0.54690205
A11,HP-54,MR,HP,24.87687302,24.8878212,0.015481718,A11,ACTB,18.28304672,18.2974968,0.02043549,13SJL22,A,STREAM,Rural,6/9/22,6,Rural,No,17.25,17.18,17.5,17.79,17.47,17.438,21.03,20.62,20.87,20.89,20.49,20.78,3.69,3.94,4.61,9.08,NA,NA,2.16,NA,NM,11.1,6.5903244,5.779763412,0.810560989,0.570160109
D1,HP-54,GR,HP,25.53269768,25.33675385,0.277105063,A11,ACTB,18.28304672,18.2974968,0.02043549,13SJL22,A,STREAM,Rural,6/9/22,6,Rural,No,17.25,17.18,17.5,17.79,17.47,17.438,21.03,20.62,20.87,20.89,20.49,20.78,3.69,3.94,4.61,9.08,NA,NA,2.16,NA,NM,11.1,7.03925705,7.707023524,-0.667766474,1.588611634
B1,HP-55,MR,HP,25.59012985,25.53636169,0.076039657,B1,ACTB,18.75045204,18.64870262,0.143895403,02JAG22,B,RAD,Urban.BHCO,6/4/22,6,Urban,Yes,20.32,20.19,20.2,20.08,20.17,20.192,27.89,27.63,28.17,27.73,27.58,27.8,4.53,3.73,4.33,13.22,1.13,12.28,4.31,NA,NM,15.6,6.88765907,5.779763412,1.107895659,0.463970293
D3,HP-55,GR,HP,25.67633247,25.68354034,0.010193468,B1,ACTB,18.75045204,18.64870262,0.143895403,02JAG22,B,RAD,Urban.BHCO,6/4/22,6,Urban,Yes,20.32,20.19,20.2,20.08,20.17,20.192,27.89,27.63,28.17,27.73,27.58,27.8,4.53,3.73,4.33,13.22,1.13,12.28,4.31,NA,NM,15.6,7.03483772,7.707023524,-0.672185804,1.593485404
B3,HP-56,MR,HP,24.25774956,24.24114037,0.023488944,B3,ACTB,18.16202545,18.12872124,0.047099274,10TEF22,B,RAD,Urban.BHCO,6/4/22,6,Urban,Yes,16.51,16.34,16.59,16.16,16.37,16.394,19.98,19.93,20.06,19.75,20,19.944,4.27,3.94,4.55,9.74,0.37,9.21,2.54,0.4,DSM,9.3,6.11241913,5.779763412,0.332655718,0.794073404
D5,HP-56,GR,HP,27.24738503,27.15720367,0.127537042,B3,ACTB,18.16202545,18.12872124,0.047099274,10TEF22,B,RAD,Urban.BHCO,6/4/22,6,Urban,Yes,16.51,16.34,16.59,16.16,16.37,16.394,19.98,19.93,20.06,19.75,20,19.944,4.27,3.94,4.55,9.74,0.37,9.21,2.54,0.4,DSM,9.3,9.02848243,7.707023524,1.321458906,0.400130108
F9,HP-57,MR,HP,26.17635536,26.17004013,0.008931085,F11,ACTB,18.81660271,18.87845802,0.087476626,17TEF22,A,STREAM,Rural,6/4/22,6,Rural,No,18.47,17.97,17.72,18.01,17.84,18.002,22.98,23.45,22.83,22.51,22.64,22.882,4.23,3.84,4.88,11.19,NA,NA,3.54,NA,NM,14.2,7.29158211,5.779763412,1.511818699,0.350668878
D7,HP-57,GR,HP,26.00279999,26.10698891,0.147345379,F11,ACTB,18.81660271,18.87845802,0.087476626,17TEF22,A,STREAM,Rural,6/4/22,6,Rural,No,18.47,17.97,17.72,18.01,17.84,18.002,22.98,23.45,22.83,22.51,22.64,22.882,4.23,3.84,4.88,11.19,NA,NA,3.54,NA,NM,14.2,7.22853089,7.707023524,-0.478492634,1.393287162
B7,HP-58,MR,HP,24.06366348,23.95011139,0.160585567,B7,ACTB,18.15000916,18.17635918,0.037264559,10TEF22,A,RAD,Urban.BHCO,6/4/22,6,Urban,Yes,16.58,17.37,17.57,16.51,15.85,16.776,17.22,16.98,16.98,16.8,16.62,16.92,3.79,3.94,3.91,6.63,0,6.63,1.34,0,DSM,7,5.77375221,5.779763412,-0.006011201,1.00417534
D9,HP-58,GR,HP,26.87457275,26.79117203,0.117947787,B7,ACTB,18.15000916,18.17635918,0.037264559,10TEF22,A,RAD,Urban.BHCO,6/4/22,6,Urban,Yes,16.58,17.37,17.57,16.51,15.85,16.776,17.22,16.98,16.98,16.8,16.62,16.92,3.79,3.94,3.91,6.63,0,6.63,1.34,0,DSM,7,8.61481285,7.707023524,0.907789326,0.533001195
B9,HP-59,MR,HP,24.45659065,24.44892502,0.010842193,B9,ACTB,18.26242638,18.16283798,0.140840605,19TEF22,A,SVT,Urban.BHCO,6/12/22,6,Urban,Yes,18.13,18.03,18.4,18.25,17.99,18.16,24.81,25.08,24.93,25.01,25.29,25.024,4.44,4.8,4.72,11.52,0.3,11.33,2.28,0.69,DSM,14.3,6.28608704,5.779763412,0.506323629,0.70401417
D11,HP-59,GR,HP,26.9358139,26.96117973,0.035872702,B9,ACTB,18.26242638,18.16283798,0.140840605,19TEF22,A,SVT,Urban.BHCO,6/12/22,6,Urban,Yes,18.13,18.03,18.4,18.25,17.99,18.16,24.81,25.08,24.93,25.01,25.29,25.024,4.44,4.8,4.72,11.52,0.3,11.33,2.28,0.69,DSM,14.3,8.79834175,7.707023524,1.091318226,0.469332338
A11,HP-6,MR,HP,24.92211533,24.96035576,0.05408014,A11,ACTB,19.05620575,19.08502197,0.040752295,04CMT22,B,SVT,Urban.BHCO,6/21/22,9,Urban,Yes,20.43,20.17,20.29,20.45,20.43,20.354,33.92,33.88,33.62,34.4,34.44,34.052,5,3.99,6.07,21.61,10.47,11.85,7.35,2.1,DSM,14.1,5.87533379,5.779763412,0.095570378,0.93590216
A1,HP-6,GR,HP,25.53415298,25.40546417,0.087637939,A11,ACTB,19.05620575,19.08502197,0.040752295,04CMT22,B,SVT,Urban.BHCO,6/21/22,9,Urban,Yes,20.43,20.17,20.29,20.45,20.43,20.354,33.92,33.88,33.62,34.4,34.44,34.052,5,3.99,6.07,21.61,10.47,11.85,7.35,2.1,DSM,14.1,6.3204422,7.707023524,-1.386581324,2.614583824
B11,HP-60,MR,HP,25.50998116,25.46081543,0.069529489,B11,ACTB,18.11667252,18.09295654,0.033539452,23IJV22,A,STREAM,Rural,6/9/22,6,Rural,No,14.63,14.6,14.62,14.16,14.33,14.468,16.29,15.7,15.55,15.79,16.02,15.87,3.23,2.94,2.71,4.98,NA,NA,1.88,NA,NM,10.4,7.36785889,5.779763412,1.588095479,0.332610247
B1,HP-60,GR,HP,26.74769211,26.84455299,0.136981979,B11,ACTB,18.11667252,18.09295654,0.033539452,23IJV22,A,STREAM,Rural,6/9/22,6,Rural,No,14.63,14.6,14.62,14.16,14.33,14.468,16.29,15.7,15.55,15.79,16.02,15.87,3.23,2.94,2.71,4.98,NA,NA,1.88,NA,NM,10.4,8.75159645,7.707023524,1.044572926,0.484788397
C1,HP-61,MR,HP,26.07640457,26.0917263,0.021668201,C1,ACTB,18.00468826,17.97751999,0.038423091,02JAG22,A,RAD,Urban.BHCO,6/4/22,6,Urban,Yes,16.92,16.64,16.52,16.19,16.17,16.488,22.45,21.73,21.7,21.44,21.59,21.782,4.27,4.13,4.89,8.52,0,8.52,2.14,1.06,DSM,12.1,8.11420631,5.779763412,2.334442899,0.198272583
E3,HP-61,GR,HP,26.13023949,26.21917915,0.125779688,C1,ACTB,18.00468826,17.97751999,0.038423091,02JAG22,A,RAD,Urban.BHCO,6/4/22,6,Urban,Yes,16.92,16.64,16.52,16.19,16.17,16.488,22.45,21.73,21.7,21.44,21.59,21.782,4.27,4.13,4.89,8.52,0,8.52,2.14,1.06,DSM,12.1,8.24165916,7.707023524,0.534635636,0.690333004
B1,HP-7,MR,HP,25.30713272,25.18818283,0.168221891,B1,ACTB,19.01239395,18.98736382,0.035397958,17IJV22,A,NVT,Urban.BHCO,5/12/22,6,Urban,Yes,14.69,14.65,14.93,14.85,14.36,14.696,18.84,18.8,18.46,18.73,18.69,18.704,3.8,3.17,4.05,7.32,NA,NA,1.34,NA,NM,NA,6.20081901,5.779763412,0.421055599,0.746877945
D3,HP-7,GR,HP,25.38967705,25.36416054,0.036085796,B1,ACTB,19.01239395,18.98736382,0.035397958,17IJV22,A,NVT,Urban.BHCO,5/12/22,6,Urban,Yes,14.69,14.65,14.93,14.85,14.36,14.696,18.84,18.8,18.46,18.73,18.69,18.704,3.8,3.17,4.05,7.32,NA,NA,1.34,NA,NM,NA,6.37679672,7.707023524,-1.330226804,2.514422007
B3,HP-8,MR,HP,23.25724792,23.26725006,0.014145156,B3,ACTB,18.23506355,18.22040939,0.02072411,09CMT22,A,NVT,Urban.BHCO,6/1/22,6,Urban,Yes,18.17,17.47,17.7,17.52,17.48,17.668,23.98,23.51,23.27,23.69,23.81,23.652,2.89,3.21,3.84,12.1,1.15,10.18,3.15,NA,NM,11.8,5.04684067,5.779763412,-0.732922742,1.662002718
D5,HP-8,GR,HP,25.88419533,26.01507187,0.185086027,B3,ACTB,18.23506355,18.22040939,0.02072411,09CMT22,A,NVT,Urban.BHCO,6/1/22,6,Urban,Yes,18.17,17.47,17.7,17.52,17.48,17.668,23.98,23.51,23.27,23.69,23.81,23.652,2.89,3.21,3.84,12.1,1.15,10.18,3.15,NA,NM,11.8,7.79466248,7.707023524,0.087638956,0.941061585
B5,HP-9,MR,HP,27.7637825,27.54411316,0.31066072,B5,ACTB,21.48153114,21.45167923,0.042216983,04SJL22,B,NVT,Urban,5/19/22,7,Urban,No,17.43,17.38,17.73,17.61,17.54,17.538,23.07,23.36,23.42,23.24,23.38,23.294,3.63,4.51,4.41,12.23,0.75,11.88,13.36,0.84,MSP,12.5,6.09243393,5.779763412,0.312670518,0.805149996
D7,HP-9,GR,HP,31.05481148,30.85860634,0.277475983,B5,ACTB,21.48153114,21.45167923,0.042216983,04SJL22,B,NVT,Urban,5/19/22,7,Urban,No,17.43,17.38,17.73,17.61,17.54,17.538,23.07,23.36,23.42,23.24,23.38,23.294,3.63,4.51,4.41,12.23,0.75,11.88,13.36,0.84,MSP,12.5,9.40692711,7.707023524,1.699903586,0.307806673
